dt,AverageTemperature,AverageTemperatureUncertainty,Country
1841-01-01,-1.1,2.228,Japan
1841-02-01,-0.0789999999999999,1.836,Japan
1841-03-01,2.68,2.221,Japan
1841-04-01,8.399999999999999,2.067,Japan
1841-05-01,13.796,1.759,Japan
1841-06-01,18.046,2.134,Japan
1841-07-01,22.872,1.993,Japan
1841-08-01,23.75,1.901,Japan
1841-09-01,19.374,1.804,Japan
1841-10-01,13.543,1.95,Japan
1841-11-01,7.616999999999999,1.886,Japan
1841-12-01,3.335,2.274,Japan
1842-01-01,0.2209999999999998,1.847,Japan
1842-02-01,0.903,1.865,Japan
1842-03-01,5.08,2.381,Japan
1842-04-01,9.811,2.171,Japan
1842-05-01,13.541,1.7919999999999998,Japan
1842-06-01,17.907999999999994,1.783,Japan
1842-07-01,21.941,1.74,Japan
1842-08-01,23.449,1.825,Japan
1842-09-01,19.511,1.89,Japan
1842-10-01,13.14,2.164,Japan
1842-11-01,7.483999999999999,1.965,Japan
1842-12-01,4.359999999999999,1.905,Japan
1843-01-01,1.261,1.831,Japan
1843-02-01,2.033,1.829,Japan
1843-03-01,4.799,2.007,Japan
1843-04-01,9.364999999999998,1.899,Japan
1843-05-01,13.045,1.745,Japan
1843-06-01,17.689,1.828,Japan
1843-07-01,22.489,1.879,Japan
1843-08-01,23.589,1.941,Japan
1843-09-01,19.697,1.744,Japan
1843-10-01,13.344,2.3040000000000003,Japan
1843-11-01,7.975,1.754,Japan
1843-12-01,4.2410000000000005,2.677,Japan
1844-01-01,0.5109999999999999,2.197,Japan
1844-02-01,0.1180000000000001,1.907,Japan
1844-03-01,4.522,1.94,Japan
1844-04-01,8.917,1.823,Japan
1844-05-01,13.36,1.747,Japan
1844-06-01,17.930999999999994,1.819,Japan
1844-07-01,22.261,1.907,Japan
1844-08-01,23.392,2.14,Japan
1844-09-01,19.527,1.734,Japan
1844-10-01,14.117,1.735,Japan
1844-11-01,7.737999999999999,1.755,Japan
1844-12-01,2.2,1.7480000000000002,Japan
1845-01-01,1.882,1.908,Japan
1845-02-01,0.5940000000000001,2.882,Japan
1845-03-01,4.424,1.338,Japan
1845-04-01,9.428,1.4269999999999998,Japan
1845-05-01,13.952,1.51,Japan
1845-06-01,18.564,1.493,Japan
1845-07-01,23.152,1.719,Japan
1845-08-01,23.499,1.293,Japan
1845-09-01,19.325,1.7380000000000002,Japan
1845-10-01,12.978,1.34,Japan
1845-11-01,7.214999999999999,1.758,Japan
1845-12-01,1.5530000000000002,2.023,Japan
1846-01-01,0.92,2.3480000000000003,Japan
1846-02-01,1.034,1.816,Japan
1846-03-01,4.906000000000001,2.213,Japan
1846-04-01,9.232,1.824,Japan
1846-05-01,13.216,1.958,Japan
1846-06-01,18.702,1.758,Japan
1846-07-01,22.988000000000003,1.808,Japan
1846-08-01,24.406,1.4580000000000002,Japan
1846-09-01,20.593000000000004,1.764,Japan
1846-10-01,14.075,1.597,Japan
1846-11-01,7.6869999999999985,1.629,Japan
1846-12-01,4.133,1.4169999999999998,Japan
1847-01-01,1.336,3.743,Japan
1847-02-01,1.041,1.45,Japan
1847-03-01,3.399,2.1,Japan
1847-04-01,9.640999999999998,1.501,Japan
1847-05-01,13.858,1.616,Japan
1847-06-01,18.04,1.654,Japan
1847-07-01,22.686,1.416,Japan
1847-08-01,24.066,2.147,Japan
1847-09-01,19.947,1.432,Japan
1847-10-01,13.722,1.342,Japan
1847-11-01,9.296,1.414,Japan
1847-12-01,2.884,1.976,Japan
1848-01-01,-0.5309999999999999,2.047,Japan
1848-02-01,1.755,1.567,Japan
1848-03-01,4.236000000000001,1.34,Japan
1848-04-01,9.504,1.596,Japan
1848-05-01,14.309,1.919,Japan
1848-06-01,18.372,1.889,Japan
1848-07-01,23.004,2.329,Japan
1848-08-01,23.373,1.876,Japan
1848-09-01,19.645,1.492,Japan
1848-10-01,14.313,1.6969999999999998,Japan
1848-11-01,7.459,1.334,Japan
1848-12-01,3.766,2.135,Japan
1849-01-01,1.281,1.6,Japan
1849-02-01,2.367,2.245,Japan
1849-03-01,5.356,1.919,Japan
1849-04-01,8.687999999999999,1.804,Japan
1849-05-01,13.557,1.461,Japan
1849-06-01,18.213,1.543,Japan
1849-07-01,22.06,1.431,Japan
1849-08-01,23.783,1.3769999999999998,Japan
1849-09-01,20.159,1.642,Japan
1849-10-01,13.859000000000002,1.401,Japan
1849-11-01,7.775999999999999,1.961,Japan
1849-12-01,2.161,1.452,Japan
1850-01-01,-0.4980000000000002,1.5219999999999998,Japan
1850-02-01,1.057,1.793,Japan
1850-03-01,4.6610000000000005,2.3040000000000003,Japan
1850-04-01,8.241999999999999,1.887,Japan
1850-05-01,13.468,1.826,Japan
1850-06-01,18.223,1.628,Japan
1850-07-01,22.628,1.37,Japan
1850-08-01,23.153,1.99,Japan
1850-09-01,19.535,1.401,Japan
1850-10-01,13.264,1.394,Japan
1850-11-01,7.026999999999999,1.669,Japan
1850-12-01,2.632,1.5519999999999998,Japan
1851-01-01,0.8440000000000001,1.342,Japan
1851-02-01,0.4179999999999999,1.45,Japan
1851-03-01,3.404,1.4380000000000002,Japan
1851-04-01,7.969999999999999,1.754,Japan
1851-05-01,13.773,1.4369999999999998,Japan
1851-06-01,17.834,1.935,Japan
1851-07-01,22.865,1.55,Japan
1851-08-01,23.405,1.511,Japan
1851-09-01,19.429,1.536,Japan
1851-10-01,13.3,1.6969999999999998,Japan
1851-11-01,7.834,1.69,Japan
1851-12-01,2.335,2.862,Japan
1852-01-01,0.13,1.992,Japan
1852-02-01,-0.6869999999999998,1.575,Japan
1852-03-01,2.422,1.658,Japan
1852-04-01,7.962000000000001,2.04,Japan
1852-05-01,13.757,1.663,Japan
1852-06-01,18.609,1.364,Japan
1852-07-01,23.22,1.5219999999999998,Japan
1852-08-01,23.173,1.359,Japan
1852-09-01,19.737,1.38,Japan
1852-10-01,14.227,1.6030000000000002,Japan
1852-11-01,7.110999999999999,1.71,Japan
1852-12-01,3.753,1.956,Japan
1853-01-01,-0.2390000000000001,1.827,Japan
1853-02-01,-0.9369999999999998,1.717,Japan
1853-03-01,3.457,1.766,Japan
1853-04-01,8.42,1.681,Japan
1853-05-01,13.934,1.636,Japan
1853-06-01,18.632,1.664,Japan
1853-07-01,23.499,1.669,Japan
1853-08-01,23.665,1.854,Japan
1853-09-01,20.343,1.652,Japan
1853-10-01,13.408,1.821,Japan
1853-11-01,7.9769999999999985,1.746,Japan
1853-12-01,2.9330000000000003,1.54,Japan
1854-01-01,0.115,1.801,Japan
1854-02-01,-0.1399999999999999,2.047,Japan
1854-03-01,4.48,1.646,Japan
1854-04-01,9.364999999999998,1.4509999999999998,Japan
1854-05-01,14.647,1.372,Japan
1854-06-01,18.454,1.484,Japan
1854-07-01,23.042,1.5730000000000002,Japan
1854-08-01,24.179,1.586,Japan
1854-09-01,20.39,1.453,Japan
1854-10-01,14.595999999999998,1.933,Japan
1854-11-01,8.171999999999999,1.588,Japan
1854-12-01,3.006,3.499,Japan
1855-01-01,2.066,2.318,Japan
1855-02-01,0.4670000000000001,2.276,Japan
1855-03-01,4.718999999999999,1.233,Japan
1855-04-01,11.367,2.264,Japan
1855-05-01,14.949000000000002,1.487,Japan
1855-06-01,19.236,1.737,Japan
1855-07-01,23.061,1.556,Japan
1855-08-01,23.532,1.5519999999999998,Japan
1855-09-01,20.567,1.703,Japan
1855-10-01,13.8,1.768,Japan
1855-11-01,7.533999999999999,1.55,Japan
1855-12-01,3.19,2.02,Japan
1856-01-01,0.5539999999999999,1.861,Japan
1856-02-01,-0.6440000000000001,1.602,Japan
1856-03-01,3.938,1.487,Japan
1856-04-01,9.567,1.485,Japan
1856-05-01,13.703,1.808,Japan
1856-06-01,18.866,1.713,Japan
1856-07-01,23.04,1.76,Japan
1856-08-01,24.344,2.11,Japan
1856-09-01,19.686,1.8,Japan
1856-10-01,13.452,1.68,Japan
1856-11-01,8.168,1.672,Japan
1856-12-01,3.2430000000000003,1.669,Japan
1857-01-01,0.039,1.731,Japan
1857-02-01,1.054,2.117,Japan
1857-03-01,3.518,1.872,Japan
1857-04-01,9.401,1.673,Japan
1857-05-01,13.002,1.534,Japan
1857-06-01,18.407,1.694,Japan
1857-07-01,22.681,1.599,Japan
1857-08-01,23.503,1.5630000000000002,Japan
1857-09-01,19.59,1.515,Japan
1857-10-01,13.8,1.693,Japan
1857-11-01,8.505999999999998,1.981,Japan
1857-12-01,3.303,1.67,Japan
1858-01-01,0.3629999999999999,2.362,Japan
1858-02-01,0.865,1.5630000000000002,Japan
1858-03-01,3.5090000000000003,1.961,Japan
1858-04-01,10.834,2.192,Japan
1858-05-01,14.715,1.863,Japan
1858-06-01,18.675,1.619,Japan
1858-07-01,22.762,1.574,Japan
1858-08-01,22.908,1.62,Japan
1858-09-01,19.789,1.665,Japan
1858-10-01,14.106,1.586,Japan
1858-11-01,8.988999999999997,1.972,Japan
1858-12-01,2.724,1.6130000000000002,Japan
1859-01-01,-0.1220000000000001,1.745,Japan
1859-02-01,-0.159,1.632,Japan
1859-03-01,4.371,1.446,Japan
1859-04-01,10.651,1.608,Japan
1859-05-01,14.486,1.5759999999999998,Japan
1859-06-01,19.334,1.74,Japan
1859-07-01,21.888,1.5830000000000002,Japan
1859-08-01,23.111,1.65,Japan
1859-09-01,19.367,1.709,Japan
1859-10-01,13.612,1.709,Japan
1859-11-01,8.248,1.773,Japan
1859-12-01,3.888,3.458,Japan
1860-01-01,-0.6640000000000001,1.672,Japan
1860-02-01,0.4290000000000001,1.6469999999999998,Japan
1860-03-01,2.211,2.036,Japan
1860-04-01,9.541,1.579,Japan
1860-05-01,13.73,1.494,Japan
1860-06-01,18.239,1.471,Japan
1860-07-01,22.791,1.457,Japan
1860-08-01,24.588,1.664,Japan
1860-09-01,20.943,1.568,Japan
1860-10-01,13.874,1.499,Japan
1860-11-01,6.406999999999999,1.5519999999999998,Japan
1860-12-01,1.0639999999999996,1.971,Japan
1861-01-01,-1.6819999999999995,1.6230000000000002,Japan
1861-02-01,-0.7559999999999998,1.505,Japan
1861-03-01,4.225,1.415,Japan
1861-04-01,9.608,1.601,Japan
1861-05-01,13.826,1.5490000000000002,Japan
1861-06-01,18.5,1.665,Japan
1861-07-01,22.333,2.025,Japan
1861-08-01,24.192,1.489,Japan
1861-09-01,19.613,1.4280000000000002,Japan
1861-10-01,13.474,1.546,Japan
1861-11-01,8.046999999999999,1.83,Japan
1861-12-01,2.772,1.97,Japan
1862-01-01,0.005,2.361,Japan
1862-02-01,-1.1510000000000002,1.866,Japan
1862-03-01,4.294,2.1,Japan
1862-04-01,9.514,1.887,Japan
1862-05-01,14.282,1.968,Japan
1862-06-01,18.961,1.692,Japan
1862-07-01,22.595,1.56,Japan
1862-08-01,23.26,1.784,Japan
1862-09-01,19.907,1.6030000000000002,Japan
1862-10-01,13.706,1.859,Japan
1862-11-01,6.867999999999999,1.756,Japan
1862-12-01,1.868,2.508,Japan
1863-01-01,0.443,1.781,Japan
1863-02-01,1.159,2.245,Japan
1863-03-01,4.9110000000000005,1.0490000000000002,Japan
1863-04-01,9.146999999999998,1.7080000000000002,Japan
1863-05-01,14.158,1.279,Japan
1863-06-01,19.32,2.307,Japan
1863-07-01,24.518,2.648,Japan
1863-08-01,24.748,2.959,Japan
1863-09-01,18.996,1.388,Japan
1863-10-01,13.159,1.103,Japan
1863-11-01,7.9449999999999985,2.506,Japan
1863-12-01,3.197,1.569,Japan
1864-01-01,-0.117,3.034,Japan
1864-02-01,-0.185,1.681,Japan
1864-03-01,3.012,2.617,Japan
1864-04-01,9.899,1.034,Japan
1864-05-01,13.977,1.023,Japan
1864-06-01,18.507,1.3130000000000002,Japan
1864-07-01,22.748,1.415,Japan
1864-08-01,24.248,1.535,Japan
1864-09-01,19.799,1.364,Japan
1864-10-01,14.371,0.945,Japan
1864-11-01,8.732000000000001,1.865,Japan
1864-12-01,2.322,1.569,Japan
1865-01-01,0.653,2.135,Japan
1865-02-01,0.992,2.7310000000000003,Japan
1865-03-01,3.3040000000000003,1.139,Japan
1865-04-01,10.312,2.593,Japan
1865-05-01,14.875,1.889,Japan
1865-06-01,18.973,1.492,Japan
1865-07-01,21.703000000000003,1.864,Japan
1865-08-01,24.637,2.036,Japan
1865-09-01,20.411,1.153,Japan
1865-10-01,14.343,1.105,Japan
1865-11-01,7.959,1.319,Japan
1865-12-01,2.526,1.44,Japan
1866-01-01,-0.1320000000000001,1.702,Japan
1866-02-01,-0.28,1.703,Japan
1866-03-01,3.958,0.993,Japan
1866-04-01,8.561,1.484,Japan
1866-05-01,13.464,2.31,Japan
1866-06-01,17.598,2.57,Japan
1866-07-01,22.914,1.554,Japan
1866-08-01,24.034,1.022,Japan
1866-09-01,19.09,2.287,Japan
1866-10-01,14.101,0.939,Japan
1866-11-01,8.312000000000001,1.123,Japan
1866-12-01,3.082,2.229,Japan
1867-01-01,0.152,2.9560000000000004,Japan
1867-02-01,-0.6019999999999999,1.2009999999999998,Japan
1867-03-01,4.703,1.46,Japan
1867-04-01,9.028,1.281,Japan
1867-05-01,13.787,1.501,Japan
1867-06-01,18.206,1.416,Japan
1867-07-01,22.703000000000003,1.193,Japan
1867-08-01,24.87,2.146,Japan
1867-09-01,19.951,0.974,Japan
1867-10-01,14.994000000000002,0.977,Japan
1867-11-01,8.770999999999999,1.334,Japan
1867-12-01,4.069,1.638,Japan
1868-01-01,0.995,1.775,Japan
1868-02-01,0.784,1.239,Japan
1868-03-01,3.406,1.232,Japan
1868-04-01,10.05,1.043,Japan
1868-05-01,14.497,1.509,Japan
1868-06-01,18.206,0.926,Japan
1868-07-01,23.276,1.006,Japan
1868-08-01,23.219,1.545,Japan
1868-09-01,19.713,1.043,Japan
1868-10-01,14.209,1.591,Japan
1868-11-01,8.187999999999999,1.89,Japan
1868-12-01,3.185,1.652,Japan
1869-01-01,0.957,2.214,Japan
1869-02-01,2.685,1.807,Japan
1869-03-01,3.646,1.298,Japan
1869-04-01,8.308,1.893,Japan
1869-05-01,13.79,1.259,Japan
1869-06-01,18.535,1.159,Japan
1869-07-01,21.612,2.8560000000000003,Japan
1869-08-01,23.193,1.908,Japan
1869-09-01,20.828000000000003,0.8859999999999999,Japan
1869-10-01,14.962,1.178,Japan
1869-11-01,8.046,0.831,Japan
1869-12-01,1.706,1.232,Japan
1870-01-01,0.0989999999999999,1.82,Japan
1870-02-01,0.149,1.919,Japan
1870-03-01,4.481,2.109,Japan
1870-04-01,9.184,1.758,Japan
1870-05-01,14.593,1.729,Japan
1870-06-01,18.815,1.813,Japan
1870-07-01,23.099,1.681,Japan
1870-08-01,23.325,1.819,Japan
1870-09-01,20.752,1.6969999999999998,Japan
1870-10-01,14.015999999999998,1.925,Japan
1870-11-01,8.293,2.175,Japan
1870-12-01,2.092,2.012,Japan
1871-01-01,-0.2970000000000001,1.741,Japan
1871-02-01,-0.0659999999999998,2.253,Japan
1871-03-01,4.292,1.785,Japan
1871-04-01,9.468,1.543,Japan
1871-05-01,13.608,2.168,Japan
1871-06-01,18.286,1.994,Japan
1871-07-01,23.11,1.736,Japan
1871-08-01,24.0,1.638,Japan
1871-09-01,20.354,2.013,Japan
1871-10-01,14.748,1.662,Japan
1871-11-01,8.471,2.135,Japan
1871-12-01,2.381,1.852,Japan
1872-01-01,-1.626,3.202,Japan
1872-02-01,0.258,1.721,Japan
1872-03-01,4.642,1.695,Japan
1872-04-01,9.336,2.051,Japan
1872-05-01,13.854,1.54,Japan
1872-06-01,18.535,2.135,Japan
1872-07-01,22.914,1.6469999999999998,Japan
1872-08-01,23.745,2.114,Japan
1872-09-01,20.054,1.978,Japan
1872-10-01,14.578,1.615,Japan
1872-11-01,8.338,1.816,Japan
1872-12-01,2.902,1.974,Japan
1873-01-01,-0.98,3.563,Japan
1873-02-01,-0.3869999999999998,3.409,Japan
1873-03-01,2.8110000000000004,2.648,Japan
1873-04-01,8.424,4.09,Japan
1873-05-01,13.799,1.5590000000000002,Japan
1873-06-01,17.935,2.18,Japan
1873-07-01,22.773000000000003,1.568,Japan
1873-08-01,24.012,1.641,Japan
1873-09-01,19.225,2.319,Japan
1873-10-01,13.485,2.081,Japan
1873-11-01,7.738999999999999,1.652,Japan
1873-12-01,3.012,2.415,Japan
1874-01-01,0.695,2.659,Japan
1874-02-01,1.248,1.759,Japan
1874-03-01,3.69,1.879,Japan
1874-04-01,9.637,1.6469999999999998,Japan
1874-05-01,14.215,1.515,Japan
1874-06-01,19.246,1.519,Japan
1874-07-01,23.446,1.932,Japan
1874-08-01,24.501,1.6030000000000002,Japan
1874-09-01,20.188,1.6780000000000002,Japan
1874-10-01,13.962,1.6840000000000002,Japan
1874-11-01,7.181999999999999,1.306,Japan
1874-12-01,2.948,1.266,Japan
1875-01-01,0.1779999999999999,1.145,Japan
1875-02-01,0.195,1.212,Japan
1875-03-01,5.507999999999999,1.614,Japan
1875-04-01,8.921999999999997,1.131,Japan
1875-05-01,14.241,1.153,Japan
1875-06-01,18.394,1.305,Japan
1875-07-01,23.183000000000003,1.712,Japan
1875-08-01,23.698,1.371,Japan
1875-09-01,20.608,1.092,Japan
1875-10-01,14.12,1.129,Japan
1875-11-01,7.829999999999999,1.29,Japan
1875-12-01,3.362,2.45,Japan
1876-01-01,-0.4740000000000002,1.5,Japan
1876-02-01,1.54,0.946,Japan
1876-03-01,5.267,1.094,Japan
1876-04-01,9.813,1.031,Japan
1876-05-01,14.986,1.314,Japan
1876-06-01,17.124000000000002,0.954,Japan
1876-07-01,23.902,2.174,Japan
1876-08-01,25.616,1.6769999999999998,Japan
1876-09-01,21.029,1.04,Japan
1876-10-01,14.5,1.848,Japan
1876-11-01,7.500999999999999,0.986,Japan
1876-12-01,2.623,1.3119999999999998,Japan
1877-01-01,1.6880000000000002,1.485,Japan
1877-02-01,1.02,2.213,Japan
1877-03-01,4.692,2.128,Japan
1877-04-01,10.384,1.394,Japan
1877-05-01,13.851,0.989,Japan
1877-06-01,19.871,2.037,Japan
1877-07-01,24.127,1.255,Japan
1877-08-01,24.64,1.6,Japan
1877-09-01,20.626,1.334,Japan
1877-10-01,14.515,1.027,Japan
1877-11-01,7.829999999999999,1.595,Japan
1877-12-01,3.513,1.74,Japan
1878-01-01,-0.7030000000000001,1.446,Japan
1878-02-01,0.53,1.727,Japan
1878-03-01,4.896,0.913,Japan
1878-04-01,9.338,0.923,Japan
1878-05-01,14.818,0.954,Japan
1878-06-01,18.242,0.925,Japan
1878-07-01,23.524,0.897,Japan
1878-08-01,23.634,1.251,Japan
1878-09-01,21.486,0.8540000000000001,Japan
1878-10-01,14.549,0.7829999999999999,Japan
1878-11-01,7.650999999999999,0.959,Japan
1878-12-01,1.988,2.116,Japan
1879-01-01,0.4879999999999999,0.954,Japan
1879-02-01,2.264,1.666,Japan
1879-03-01,4.706,1.271,Japan
1879-04-01,8.741,1.422,Japan
1879-05-01,14.851,1.256,Japan
1879-06-01,18.931,0.797,Japan
1879-07-01,23.753,0.883,Japan
1879-08-01,25.076,0.7979999999999999,Japan
1879-09-01,19.761,1.337,Japan
1879-10-01,13.206,1.485,Japan
1879-11-01,7.767999999999999,1.064,Japan
1879-12-01,5.394,0.978,Japan
1880-01-01,-0.355,1.085,Japan
1880-02-01,2.438,0.889,Japan
1880-03-01,5.489,0.8059999999999999,Japan
1880-04-01,9.235,0.762,Japan
1880-05-01,14.845,0.537,Japan
1880-06-01,17.633,0.594,Japan
1880-07-01,22.729,0.807,Japan
1880-08-01,24.311,1.18,Japan
1880-09-01,20.704,0.895,Japan
1880-10-01,14.649,0.6659999999999999,Japan
1880-11-01,8.465,1.5830000000000002,Japan
1880-12-01,2.184,0.6990000000000001,Japan
1881-01-01,-0.189,0.777,Japan
1881-02-01,0.6970000000000001,0.9,Japan
1881-03-01,2.498,0.6629999999999999,Japan
1881-04-01,8.649999999999999,0.487,Japan
1881-05-01,14.71,0.752,Japan
1881-06-01,19.162,1.286,Japan
1881-07-01,22.226,0.456,Japan
1881-08-01,24.742,0.445,Japan
1881-09-01,21.319000000000003,0.4920000000000001,Japan
1881-10-01,13.831,0.5920000000000001,Japan
1881-11-01,9.167,0.7290000000000001,Japan
1881-12-01,2.212,0.779,Japan
1882-01-01,2.316,0.972,Japan
1882-02-01,2.273,0.591,Japan
1882-03-01,3.94,0.5820000000000001,Japan
1882-04-01,10.212,0.526,Japan
1882-05-01,13.869000000000002,0.578,Japan
1882-06-01,17.996,0.6629999999999999,Japan
1882-07-01,22.424,0.8170000000000001,Japan
1882-08-01,23.928,0.5589999999999999,Japan
1882-09-01,20.119,0.371,Japan
1882-10-01,14.513,0.737,Japan
1882-11-01,7.488999999999999,1.083,Japan
1882-12-01,1.804,0.727,Japan
1883-01-01,0.2649999999999999,0.422,Japan
1883-02-01,0.028,1.231,Japan
1883-03-01,2.895,1.167,Japan
1883-04-01,8.923,0.609,Japan
1883-05-01,13.279000000000002,0.625,Japan
1883-06-01,18.173,0.6579999999999999,Japan
1883-07-01,23.249,0.872,Japan
1883-08-01,24.17,1.3430000000000002,Japan
1883-09-01,20.305,0.422,Japan
1883-10-01,15.319,0.507,Japan
1883-11-01,7.975999999999999,0.465,Japan
1883-12-01,2.317,1.037,Japan
1884-01-01,0.0399999999999999,0.508,Japan
1884-02-01,-0.3230000000000002,0.76,Japan
1884-03-01,3.048,0.7859999999999999,Japan
1884-04-01,8.408999999999999,0.774,Japan
1884-05-01,13.495,0.459,Japan
1884-06-01,17.467,0.514,Japan
1884-07-01,21.996,0.361,Japan
1884-08-01,22.429,0.7090000000000001,Japan
1884-09-01,20.278,0.35,Japan
1884-10-01,12.947,0.649,Japan
1884-11-01,5.844999999999999,0.583,Japan
1884-12-01,0.7930000000000001,1.031,Japan
1885-01-01,-1.4959999999999998,0.6579999999999999,Japan
1885-02-01,-0.6699999999999999,0.8390000000000001,Japan
1885-03-01,2.181,0.763,Japan
1885-04-01,8.724,0.746,Japan
1885-05-01,13.217,0.625,Japan
1885-06-01,18.08,0.521,Japan
1885-07-01,20.968000000000004,0.72,Japan
1885-08-01,23.944000000000003,0.833,Japan
1885-09-01,20.407,0.679,Japan
1885-10-01,14.519,0.523,Japan
1885-11-01,8.484,0.862,Japan
1885-12-01,3.752,0.773,Japan
1886-01-01,-0.2250000000000001,0.613,Japan
1886-02-01,-0.6109999999999998,0.894,Japan
1886-03-01,4.562,0.732,Japan
1886-04-01,10.09,0.356,Japan
1886-05-01,14.321,0.629,Japan
1886-06-01,18.738,0.326,Japan
1886-07-01,23.342,0.465,Japan
1886-08-01,25.136,0.378,Japan
1886-09-01,21.418000000000003,0.353,Japan
1886-10-01,15.147,0.626,Japan
1886-11-01,8.593,0.6579999999999999,Japan
1886-12-01,2.553,1.002,Japan
1887-01-01,0.437,0.8859999999999999,Japan
1887-02-01,1.169,1.061,Japan
1887-03-01,4.022,0.637,Japan
1887-04-01,9.582999999999998,0.57,Japan
1887-05-01,12.92,0.519,Japan
1887-06-01,17.602999999999994,0.454,Japan
1887-07-01,22.349,0.63,Japan
1887-08-01,24.406,0.56,Japan
1887-09-01,19.602,0.455,Japan
1887-10-01,15.222,0.451,Japan
1887-11-01,9.295,0.726,Japan
1887-12-01,3.526,0.58,Japan
1888-01-01,0.563,1.116,Japan
1888-02-01,-0.6970000000000001,0.848,Japan
1888-03-01,4.682,0.703,Japan
1888-04-01,9.976,0.7859999999999999,Japan
1888-05-01,14.29,0.388,Japan
1888-06-01,16.509999999999998,0.628,Japan
1888-07-01,23.103,0.536,Japan
1888-08-01,24.168000000000003,0.524,Japan
1888-09-01,19.338,0.425,Japan
1888-10-01,13.768,0.639,Japan
1888-11-01,10.052,0.4320000000000001,Japan
1888-12-01,3.72,0.851,Japan
1889-01-01,-0.971,0.505,Japan
1889-02-01,0.355,0.405,Japan
1889-03-01,4.097,0.429,Japan
1889-04-01,9.295,0.44,Japan
1889-05-01,13.139,0.363,Japan
1889-06-01,18.377,0.411,Japan
1889-07-01,22.061,0.391,Japan
1889-08-01,24.105,0.443,Japan
1889-09-01,18.88,0.541,Japan
1889-10-01,13.012,0.321,Japan
1889-11-01,7.475999999999999,0.6829999999999999,Japan
1889-12-01,2.966,0.8909999999999999,Japan
1890-01-01,0.3219999999999999,0.45,Japan
1890-02-01,3.216,0.7,Japan
1890-03-01,6.037999999999999,0.909,Japan
1890-04-01,11.367,0.6409999999999999,Japan
1890-05-01,14.693,0.784,Japan
1890-06-01,18.969,0.487,Japan
1890-07-01,22.287,0.36,Japan
1890-08-01,24.612,0.48,Japan
1890-09-01,22.32,0.512,Japan
1890-10-01,14.24,0.394,Japan
1890-11-01,9.342,0.4920000000000001,Japan
1890-12-01,6.7010000000000005,0.595,Japan
1891-01-01,-0.71,0.603,Japan
1891-02-01,0.818,0.536,Japan
1891-03-01,5.888,0.408,Japan
1891-04-01,9.378,0.215,Japan
1891-05-01,15.18,0.352,Japan
1891-06-01,17.968999999999994,0.344,Japan
1891-07-01,22.313,0.347,Japan
1891-08-01,23.143,0.297,Japan
1891-09-01,21.6,0.359,Japan
1891-10-01,14.298,0.382,Japan
1891-11-01,8.463,0.6,Japan
1891-12-01,3.562,0.394,Japan
1892-01-01,0.109,0.512,Japan
1892-02-01,0.802,0.4270000000000001,Japan
1892-03-01,2.357,0.6679999999999999,Japan
1892-04-01,9.852,0.264,Japan
1892-05-01,14.164,0.49,Japan
1892-06-01,18.822,0.352,Japan
1892-07-01,24.197,0.41,Japan
1892-08-01,24.224,0.332,Japan
1892-09-01,21.43,0.242,Japan
1892-10-01,14.137,0.309,Japan
1892-11-01,7.664,0.617,Japan
1892-12-01,0.6779999999999999,0.674,Japan
1893-01-01,-0.44,0.728,Japan
1893-02-01,-1.198,0.38,Japan
1893-03-01,3.447,0.417,Japan
1893-04-01,9.390999999999998,0.499,Japan
1893-05-01,13.031,0.472,Japan
1893-06-01,17.83,0.501,Japan
1893-07-01,22.781,0.364,Japan
1893-08-01,24.252,0.361,Japan
1893-09-01,20.643,0.466,Japan
1893-10-01,14.309,0.393,Japan
1893-11-01,8.097000000000001,0.472,Japan
1893-12-01,2.349,0.603,Japan
1894-01-01,0.292,0.659,Japan
1894-02-01,1.085,0.5579999999999999,Japan
1894-03-01,5.225,0.691,Japan
1894-04-01,10.803999999999998,0.406,Japan
1894-05-01,13.77,0.243,Japan
1894-06-01,21.145,0.268,Japan
1894-07-01,24.478,0.28,Japan
1894-08-01,24.889,0.516,Japan
1894-09-01,20.578000000000003,0.371,Japan
1894-10-01,13.868,0.321,Japan
1894-11-01,9.822,0.517,Japan
1894-12-01,3.423,0.518,Japan
1895-01-01,-0.8809999999999999,0.721,Japan
1895-02-01,0.7190000000000001,0.498,Japan
1895-03-01,3.887,0.284,Japan
1895-04-01,10.014,0.44,Japan
1895-05-01,14.806,0.452,Japan
1895-06-01,17.95,0.347,Japan
1895-07-01,20.801,0.43,Japan
1895-08-01,24.211,0.452,Japan
1895-09-01,20.928,0.321,Japan
1895-10-01,14.795,0.305,Japan
1895-11-01,8.261000000000001,0.245,Japan
1895-12-01,3.388,0.519,Japan
1896-01-01,0.579,0.263,Japan
1896-02-01,0.602,0.44,Japan
1896-03-01,2.797,0.491,Japan
1896-04-01,10.866,0.419,Japan
1896-05-01,14.585,0.299,Japan
1896-06-01,19.563,0.273,Japan
1896-07-01,21.869,0.219,Japan
1896-08-01,24.166,0.454,Japan
1896-09-01,19.92,0.48,Japan
1896-10-01,13.879,0.425,Japan
1896-11-01,8.860999999999997,0.378,Japan
1896-12-01,2.49,0.517,Japan
1897-01-01,1.102,0.8009999999999999,Japan
1897-02-01,0.625,0.46,Japan
1897-03-01,3.734,0.446,Japan
1897-04-01,8.408999999999999,0.588,Japan
1897-05-01,14.202,0.329,Japan
1897-06-01,17.035999999999998,0.385,Japan
1897-07-01,21.809,0.228,Japan
1897-08-01,24.207,0.378,Japan
1897-09-01,19.828,0.419,Japan
1897-10-01,13.332,0.478,Japan
1897-11-01,9.108,0.679,Japan
1897-12-01,1.1999999999999995,0.509,Japan
1898-01-01,1.794,0.765,Japan
1898-02-01,1.655,0.478,Japan
1898-03-01,2.4530000000000003,0.51,Japan
1898-04-01,8.87,0.41,Japan
1898-05-01,14.084,0.442,Japan
1898-06-01,17.898999999999994,0.3229999999999999,Japan
1898-07-01,23.513,0.383,Japan
1898-08-01,24.591,0.408,Japan
1898-09-01,19.908,0.283,Japan
1898-10-01,14.228,0.24,Japan
1898-11-01,9.5,0.433,Japan
1898-12-01,4.313,0.648,Japan
1899-01-01,0.922,0.677,Japan
1899-02-01,1.797,0.44,Japan
1899-03-01,5.155,0.438,Japan
1899-04-01,10.156,0.477,Japan
1899-05-01,15.609000000000002,0.472,Japan
1899-06-01,19.537,0.3670000000000001,Japan
1899-07-01,22.487,0.403,Japan
1899-08-01,23.537,0.27,Japan
1899-09-01,18.969,0.404,Japan
1899-10-01,12.727,0.32,Japan
1899-11-01,7.379,0.292,Japan
1899-12-01,3.661,0.406,Japan
1900-01-01,-0.9640000000000002,0.382,Japan
1900-02-01,-0.1030000000000002,0.544,Japan
1900-03-01,3.373,0.337,Japan
1900-04-01,9.507,0.314,Japan
1900-05-01,14.89,0.357,Japan
1900-06-01,17.685,0.44,Japan
1900-07-01,21.108,0.5329999999999999,Japan
1900-08-01,24.704,0.276,Japan
1900-09-01,20.881,0.352,Japan
1900-10-01,14.451,0.481,Japan
1900-11-01,9.205,0.337,Japan
1900-12-01,2.947,0.593,Japan
1901-01-01,1.897,0.3720000000000001,Japan
1901-02-01,0.4140000000000001,0.603,Japan
1901-03-01,4.041,0.331,Japan
1901-04-01,10.688,0.5660000000000001,Japan
1901-05-01,14.111,0.376,Japan
1901-06-01,18.088,0.4,Japan
1901-07-01,21.078000000000003,0.348,Japan
1901-08-01,24.041,0.303,Japan
1901-09-01,20.261,0.348,Japan
1901-10-01,15.029000000000002,0.239,Japan
1901-11-01,8.335999999999999,0.386,Japan
1901-12-01,2.178,0.465,Japan
1902-01-01,-0.3659999999999999,0.664,Japan
1902-02-01,0.375,0.424,Japan
1902-03-01,5.531000000000001,0.251,Japan
1902-04-01,8.652000000000001,0.355,Japan
1902-05-01,13.862,0.405,Japan
1902-06-01,17.448999999999998,0.401,Japan
1902-07-01,20.36,0.366,Japan
1902-08-01,21.942,0.573,Japan
1902-09-01,20.624,0.374,Japan
1902-10-01,14.382,0.275,Japan
1902-11-01,9.909,0.237,Japan
1902-12-01,5.565,0.614,Japan
1903-01-01,2.74,0.657,Japan
1903-02-01,1.745,0.612,Japan
1903-03-01,6.099,0.381,Japan
1903-04-01,10.992,0.409,Japan
1903-05-01,13.492,0.284,Japan
1903-06-01,17.581999999999994,0.42,Japan
1903-07-01,21.118,0.397,Japan
1903-08-01,23.69,0.324,Japan
1903-09-01,21.37,0.46,Japan
1903-10-01,13.849,0.343,Japan
1903-11-01,7.741999999999999,0.457,Japan
1903-12-01,1.7009999999999996,0.382,Japan
1904-01-01,-0.7969999999999999,0.7190000000000001,Japan
1904-02-01,1.928,0.507,Japan
1904-03-01,4.172,0.322,Japan
1904-04-01,10.67,0.287,Japan
1904-05-01,13.999,0.354,Japan
1904-06-01,19.487,0.338,Japan
1904-07-01,23.171,0.366,Japan
1904-08-01,24.31,0.499,Japan
1904-09-01,19.453,0.243,Japan
1904-10-01,14.092,0.207,Japan
1904-11-01,7.1160000000000005,0.278,Japan
1904-12-01,3.641,0.288,Japan
1905-01-01,2.677,0.562,Japan
1905-02-01,-0.369,0.447,Japan
1905-03-01,3.759,0.3670000000000001,Japan
1905-04-01,8.152000000000001,0.317,Japan
1905-05-01,14.415,0.321,Japan
1905-06-01,18.543,0.39,Japan
1905-07-01,22.445,0.32,Japan
1905-08-01,21.459,0.229,Japan
1905-09-01,20.186,0.191,Japan
1905-10-01,14.57,0.302,Japan
1905-11-01,8.550999999999998,0.332,Japan
1905-12-01,4.781000000000001,0.435,Japan
1906-01-01,-0.3989999999999999,0.483,Japan
1906-02-01,0.0789999999999999,0.4970000000000001,Japan
1906-03-01,4.261,0.296,Japan
1906-04-01,9.573,0.225,Japan
1906-05-01,14.277,0.514,Japan
1906-06-01,17.107,0.4920000000000001,Japan
1906-07-01,22.451,0.382,Japan
1906-08-01,23.343000000000004,0.332,Japan
1906-09-01,19.063,0.224,Japan
1906-10-01,13.901,0.286,Japan
1906-11-01,7.062999999999999,0.177,Japan
1906-12-01,3.488,0.5429999999999999,Japan
1907-01-01,1.3769999999999998,0.399,Japan
1907-02-01,-0.1269999999999997,0.315,Japan
1907-03-01,3.641,0.247,Japan
1907-04-01,9.696,0.273,Japan
1907-05-01,14.309,0.415,Japan
1907-06-01,17.337999999999994,0.274,Japan
1907-07-01,21.492,0.256,Japan
1907-08-01,24.743,0.288,Japan
1907-09-01,19.88,0.211,Japan
1907-10-01,13.705,0.202,Japan
1907-11-01,8.982999999999997,0.232,Japan
1907-12-01,1.8009999999999995,0.296,Japan
1908-01-01,0.074,0.488,Japan
1908-02-01,0.1740000000000001,0.564,Japan
1908-03-01,3.585,0.337,Japan
1908-04-01,9.748,0.187,Japan
1908-05-01,13.601,0.266,Japan
1908-06-01,18.066,0.244,Japan
1908-07-01,20.909,0.248,Japan
1908-08-01,24.262,0.26,Japan
1908-09-01,18.757,0.273,Japan
1908-10-01,14.107,0.265,Japan
1908-11-01,6.866999999999999,0.318,Japan
1908-12-01,3.002,0.5870000000000001,Japan
1909-01-01,-0.4200000000000001,0.3229999999999999,Japan
1909-02-01,-0.189,0.305,Japan
1909-03-01,3.037,0.278,Japan
1909-04-01,10.468,0.355,Japan
1909-05-01,14.137,0.3,Japan
1909-06-01,18.448,0.198,Japan
1909-07-01,22.636,0.19,Japan
1909-08-01,24.012,0.227,Japan
1909-09-01,20.599,0.24,Japan
1909-10-01,13.057,0.343,Japan
1909-11-01,8.584,0.303,Japan
1909-12-01,2.296,0.423,Japan
1910-01-01,2.051,0.362,Japan
1910-02-01,-0.026,0.326,Japan
1910-03-01,3.182,0.418,Japan
1910-04-01,9.363,0.227,Japan
1910-05-01,14.314,0.215,Japan
1910-06-01,18.743,0.201,Japan
1910-07-01,22.086,0.163,Japan
1910-08-01,23.073,0.242,Japan
1910-09-01,19.465,0.188,Japan
1910-10-01,14.523,0.262,Japan
1910-11-01,8.424999999999999,0.29,Japan
1910-12-01,1.348,0.412,Japan
1911-01-01,0.0729999999999999,0.276,Japan
1911-02-01,1.6130000000000002,0.464,Japan
1911-03-01,5.119,0.434,Japan
1911-04-01,9.805,0.239,Japan
1911-05-01,14.33,0.251,Japan
1911-06-01,18.71,0.231,Japan
1911-07-01,22.401,0.147,Japan
1911-08-01,23.457,0.143,Japan
1911-09-01,21.183000000000003,0.287,Japan
1911-10-01,14.004,0.173,Japan
1911-11-01,10.178,0.294,Japan
1911-12-01,2.888,0.489,Japan
1912-01-01,0.516,0.597,Japan
1912-02-01,3.205,0.494,Japan
1912-03-01,4.887,0.314,Japan
1912-04-01,9.728,0.2,Japan
1912-05-01,13.797,0.263,Japan
1912-06-01,18.098,0.2,Japan
1912-07-01,21.739,0.109,Japan
1912-08-01,23.87,0.241,Japan
1912-09-01,18.816,0.2,Japan
1912-10-01,13.562,0.384,Japan
1912-11-01,6.918999999999999,0.287,Japan
1912-12-01,2.302,0.17,Japan
1913-01-01,-0.6040000000000001,0.387,Japan
1913-02-01,0.8809999999999999,0.406,Japan
1913-03-01,3.044,0.176,Japan
1913-04-01,10.854,0.251,Japan
1913-05-01,13.492,0.157,Japan
1913-06-01,17.575,0.122,Japan
1913-07-01,21.084,0.219,Japan
1913-08-01,22.361,0.393,Japan
1913-09-01,18.375,0.374,Japan
1913-10-01,13.849,0.433,Japan
1913-11-01,8.047999999999998,0.3229999999999999,Japan
1913-12-01,2.883,0.346,Japan
1914-01-01,1.993,0.547,Japan
1914-02-01,1.6880000000000002,0.402,Japan
1914-03-01,6.417000000000001,0.258,Japan
1914-04-01,8.828999999999997,0.382,Japan
1914-05-01,15.355,0.445,Japan
1914-06-01,18.899,0.361,Japan
1914-07-01,23.52,0.289,Japan
1914-08-01,24.32,0.298,Japan
1914-09-01,21.091,0.368,Japan
1914-10-01,14.093,0.307,Japan
1914-11-01,10.253,0.232,Japan
1914-12-01,3.388,0.286,Japan
1915-01-01,0.3729999999999999,0.298,Japan
1915-02-01,1.537,0.449,Japan
1915-03-01,3.412,0.526,Japan
1915-04-01,9.124,0.273,Japan
1915-05-01,13.085,0.431,Japan
1915-06-01,19.584,0.288,Japan
1915-07-01,22.42,0.322,Japan
1915-08-01,24.149,0.247,Japan
1915-09-01,21.266,0.223,Japan
1915-10-01,15.951,0.145,Japan
1915-11-01,9.607,0.369,Japan
1915-12-01,4.225,0.243,Japan
1916-01-01,2.651,0.412,Japan
1916-02-01,1.956,0.474,Japan
1916-03-01,2.862,0.506,Japan
1916-04-01,9.587,0.331,Japan
1916-05-01,14.382,0.292,Japan
1916-06-01,20.724,0.205,Japan
1916-07-01,23.008000000000003,0.208,Japan
1916-08-01,24.785,0.21,Japan
1916-09-01,21.601,0.3,Japan
1916-10-01,14.816,0.233,Japan
1916-11-01,10.013,0.117,Japan
1916-12-01,4.159,0.475,Japan
1917-01-01,-0.298,0.632,Japan
1917-02-01,0.722,0.483,Japan
1917-03-01,3.529,0.306,Japan
1917-04-01,9.475,0.225,Japan
1917-05-01,13.189,0.257,Japan
1917-06-01,17.976,0.239,Japan
1917-07-01,23.55,0.419,Japan
1917-08-01,23.577,0.281,Japan
1917-09-01,20.943,0.4270000000000001,Japan
1917-10-01,15.139,0.238,Japan
1917-11-01,6.789,0.428,Japan
1917-12-01,2.364,0.449,Japan
1918-01-01,-0.6819999999999999,0.314,Japan
1918-02-01,0.905,0.296,Japan
1918-03-01,4.335,0.438,Japan
1918-04-01,9.415,0.308,Japan
1918-05-01,14.029000000000002,0.235,Japan
1918-06-01,18.351,0.235,Japan
1918-07-01,23.349,0.238,Japan
1918-08-01,24.096,0.249,Japan
1918-09-01,20.62,0.258,Japan
1918-10-01,14.481,0.171,Japan
1918-11-01,8.193999999999999,0.282,Japan
1918-12-01,2.217,0.312,Japan
1919-01-01,0.069,0.33,Japan
1919-02-01,1.289,0.369,Japan
1919-03-01,5.215,0.461,Japan
1919-04-01,9.854,0.501,Japan
1919-05-01,14.201,0.285,Japan
1919-06-01,18.37,0.208,Japan
1919-07-01,22.665,0.17,Japan
1919-08-01,23.475,0.256,Japan
1919-09-01,20.612,0.143,Japan
1919-10-01,14.826,0.241,Japan
1919-11-01,9.626,0.2,Japan
1919-12-01,3.214,0.387,Japan
1920-01-01,1.909,0.319,Japan
1920-02-01,0.331,0.464,Japan
1920-03-01,4.724,0.305,Japan
1920-04-01,9.925,0.5670000000000001,Japan
1920-05-01,14.17,0.214,Japan
1920-06-01,18.953,0.177,Japan
1920-07-01,24.103,0.223,Japan
1920-08-01,24.437,0.1669999999999999,Japan
1920-09-01,20.367,0.223,Japan
1920-10-01,14.528,0.229,Japan
1920-11-01,10.091,0.456,Japan
1920-12-01,3.024,0.495,Japan
1921-01-01,1.15,0.374,Japan
1921-02-01,0.952,0.387,Japan
1921-03-01,3.275,0.241,Japan
1921-04-01,10.822,0.282,Japan
1921-05-01,14.063,0.194,Japan
1921-06-01,17.124000000000002,0.309,Japan
1921-07-01,22.887,0.391,Japan
1921-08-01,24.391,0.206,Japan
1921-09-01,20.154,0.221,Japan
1921-10-01,14.152,0.23,Japan
1921-11-01,7.049999999999999,0.161,Japan
1921-12-01,2.841,0.307,Japan
1922-01-01,-2.2589999999999995,0.368,Japan
1922-02-01,3.412,0.366,Japan
1922-03-01,3.589,0.244,Japan
1922-04-01,10.526,0.317,Japan
1922-05-01,14.44,0.328,Japan
1922-06-01,19.226,0.286,Japan
1922-07-01,23.173,0.303,Japan
1922-08-01,25.438,0.317,Japan
1922-09-01,21.461,0.307,Japan
1922-10-01,15.055,0.285,Japan
1922-11-01,8.716000000000001,0.306,Japan
1922-12-01,2.164,0.272,Japan
1923-01-01,-0.8049999999999999,0.163,Japan
1923-02-01,0.4550000000000001,0.304,Japan
1923-03-01,5.474,0.312,Japan
1923-04-01,9.385,0.205,Japan
1923-05-01,14.915,0.236,Japan
1923-06-01,17.976,0.263,Japan
1923-07-01,21.959,0.151,Japan
1923-08-01,25.19,0.267,Japan
1923-09-01,21.143,0.222,Japan
1923-10-01,14.513,0.219,Japan
1923-11-01,9.223,0.294,Japan
1923-12-01,3.474,0.366,Japan
1924-01-01,0.4689999999999999,0.29,Japan
1924-02-01,0.8390000000000001,0.288,Japan
1924-03-01,1.747,0.217,Japan
1924-04-01,10.984000000000002,0.274,Japan
1924-05-01,13.796,0.314,Japan
1924-06-01,17.753999999999994,0.311,Japan
1924-07-01,24.761,0.357,Japan
1924-08-01,24.821,0.241,Japan
1924-09-01,20.141,0.15,Japan
1924-10-01,13.768,0.217,Japan
1924-11-01,7.957999999999998,0.207,Japan
1924-12-01,2.6710000000000003,0.297,Japan
1925-01-01,0.45,0.493,Japan
1925-02-01,-0.268,0.379,Japan
1925-03-01,2.8160000000000003,0.378,Japan
1925-04-01,8.959999999999997,0.209,Japan
1925-05-01,14.185,0.285,Japan
1925-06-01,18.992,0.238,Japan
1925-07-01,21.947,0.286,Japan
1925-08-01,24.603,0.27,Japan
1925-09-01,21.087,0.176,Japan
1925-10-01,14.605,0.271,Japan
1925-11-01,9.594,0.287,Japan
1925-12-01,4.132,0.215,Japan
1926-01-01,0.215,0.211,Japan
1926-02-01,1.592,0.243,Japan
1926-03-01,3.742,0.274,Japan
1926-04-01,8.078,0.3229999999999999,Japan
1926-05-01,14.27,0.274,Japan
1926-06-01,17.375,0.257,Japan
1926-07-01,22.287,0.248,Japan
1926-08-01,24.148000000000003,0.274,Japan
1926-09-01,21.177,0.209,Japan
1926-10-01,12.788,0.281,Japan
1926-11-01,7.909999999999998,0.292,Japan
1926-12-01,2.047,0.247,Japan
1927-01-01,0.2159999999999998,0.236,Japan
1927-02-01,-0.8239999999999998,0.253,Japan
1927-03-01,3.662,0.215,Japan
1927-04-01,10.093,0.157,Japan
1927-05-01,13.86,0.287,Japan
1927-06-01,18.318,0.221,Japan
1927-07-01,24.035,0.172,Japan
1927-08-01,24.483,0.203,Japan
1927-09-01,19.579,0.125,Japan
1927-10-01,14.558,0.165,Japan
1927-11-01,9.393999999999998,0.345,Japan
1927-12-01,3.452,0.294,Japan
1928-01-01,0.8859999999999999,0.245,Japan
1928-02-01,0.2270000000000001,0.245,Japan
1928-03-01,4.356,0.291,Japan
1928-04-01,9.922,0.219,Japan
1928-05-01,15.435,0.28,Japan
1928-06-01,18.128,0.245,Japan
1928-07-01,22.825,0.269,Japan
1928-08-01,23.831,0.262,Japan
1928-09-01,22.181,0.146,Japan
1928-10-01,14.934,0.229,Japan
1928-11-01,9.405,0.26,Japan
1928-12-01,2.565,0.374,Japan
1929-01-01,-0.5130000000000001,0.293,Japan
1929-02-01,-0.2909999999999999,0.238,Japan
1929-03-01,3.953,0.254,Japan
1929-04-01,9.171,0.193,Japan
1929-05-01,13.637,0.272,Japan
1929-06-01,18.375,0.136,Japan
1929-07-01,24.055,0.254,Japan
1929-08-01,24.715,0.202,Japan
1929-09-01,19.388,0.241,Japan
1929-10-01,14.702,0.153,Japan
1929-11-01,8.710999999999999,0.233,Japan
1929-12-01,5.396,0.249,Japan
1930-01-01,-0.03,0.332,Japan
1930-02-01,2.426,0.203,Japan
1930-03-01,5.981,0.233,Japan
1930-04-01,10.661,0.181,Japan
1930-05-01,14.851,0.234,Japan
1930-06-01,18.844,0.22,Japan
1930-07-01,24.082,0.221,Japan
1930-08-01,25.069000000000003,0.134,Japan
1930-09-01,20.082,0.18,Japan
1930-10-01,14.728,0.157,Japan
1930-11-01,7.775999999999999,0.159,Japan
1930-12-01,3.043,0.247,Japan
1931-01-01,-0.0170000000000001,0.306,Japan
1931-02-01,-0.4480000000000002,0.462,Japan
1931-03-01,4.843999999999999,0.181,Japan
1931-04-01,8.873999999999997,0.222,Japan
1931-05-01,13.444,0.237,Japan
1931-06-01,17.88,0.171,Japan
1931-07-01,20.233,0.241,Japan
1931-08-01,24.593000000000004,0.234,Japan
1931-09-01,20.738000000000003,0.192,Japan
1931-10-01,14.122,0.19,Japan
1931-11-01,9.573,0.187,Japan
1931-12-01,4.033,0.227,Japan
1932-01-01,2.907,0.433,Japan
1932-02-01,0.91,0.262,Japan
1932-03-01,3.832,0.287,Japan
1932-04-01,8.937999999999997,0.244,Japan
1932-05-01,14.884,0.2,Japan
1932-06-01,18.347,0.236,Japan
1932-07-01,22.734,0.23,Japan
1932-08-01,23.984,0.189,Japan
1932-09-01,19.909,0.193,Japan
1932-10-01,14.116,0.228,Japan
1932-11-01,9.245,0.196,Japan
1932-12-01,3.987,0.234,Japan
1933-01-01,-0.1420000000000001,0.433,Japan
1933-02-01,-0.2719999999999998,0.254,Japan
1933-03-01,2.574,0.292,Japan
1933-04-01,9.285,0.259,Japan
1933-05-01,15.394,0.172,Japan
1933-06-01,19.336,0.186,Japan
1933-07-01,24.704,0.243,Japan
1933-08-01,25.113000000000003,0.16,Japan
1933-09-01,20.565,0.176,Japan
1933-10-01,14.068,0.172,Japan
1933-11-01,8.937999999999997,0.264,Japan
1933-12-01,3.875,0.322,Japan
1934-01-01,-0.232,0.39,Japan
1934-02-01,0.675,0.395,Japan
1934-03-01,3.208,0.248,Japan
1934-04-01,8.747,0.191,Japan
1934-05-01,14.849,0.139,Japan
1934-06-01,19.41,0.155,Japan
1934-07-01,22.366,0.213,Japan
1934-08-01,23.77,0.201,Japan
1934-09-01,19.923,0.132,Japan
1934-10-01,13.145,0.182,Japan
1934-11-01,8.258999999999999,0.168,Japan
1934-12-01,3.865,0.149,Japan
1935-01-01,0.8989999999999999,0.295,Japan
1935-02-01,2.461,0.292,Japan
1935-03-01,4.869,0.28,Japan
1935-04-01,9.642,0.24,Japan
1935-05-01,14.27,0.186,Japan
1935-06-01,18.478,0.135,Japan
1935-07-01,22.58,0.139,Japan
1935-08-01,23.142,0.125,Japan
1935-09-01,19.675,0.139,Japan
1935-10-01,15.3,0.196,Japan
1935-11-01,8.950999999999997,0.189,Japan
1935-12-01,2.45,0.284,Japan
1936-01-01,-1.308,0.454,Japan
1936-02-01,-0.1719999999999999,0.235,Japan
1936-03-01,2.65,0.209,Japan
1936-04-01,8.867999999999997,0.224,Japan
1936-05-01,13.872,0.191,Japan
1936-06-01,19.26,0.234,Japan
1936-07-01,22.361,0.199,Japan
1936-08-01,23.97,0.255,Japan
1936-09-01,21.785,0.205,Japan
1936-10-01,14.338,0.146,Japan
1936-11-01,8.652000000000001,0.173,Japan
1936-12-01,4.294,0.198,Japan
1937-01-01,1.3259999999999998,0.262,Japan
1937-02-01,2.835,0.337,Japan
1937-03-01,4.61,0.325,Japan
1937-04-01,9.848,0.248,Japan
1937-05-01,14.293,0.136,Japan
1937-06-01,17.819000000000003,0.1669999999999999,Japan
1937-07-01,24.068,0.236,Japan
1937-08-01,25.368,0.166,Japan
1937-09-01,20.388,0.189,Japan
1937-10-01,14.541,0.147,Japan
1937-11-01,9.383,0.234,Japan
1937-12-01,2.055,0.312,Japan
1938-01-01,-0.1029999999999999,0.213,Japan
1938-02-01,0.2350000000000001,0.2,Japan
1938-03-01,5.773,0.163,Japan
1938-04-01,10.264,0.308,Japan
1938-05-01,15.796,0.187,Japan
1938-06-01,18.663,0.143,Japan
1938-07-01,22.867,0.226,Japan
1938-08-01,24.86,0.259,Japan
1938-09-01,20.489,0.163,Japan
1938-10-01,15.041,0.203,Japan
1938-11-01,8.367999999999999,0.216,Japan
1938-12-01,2.721,0.244,Japan
1939-01-01,-0.9030000000000002,0.228,Japan
1939-02-01,0.444,0.31,Japan
1939-03-01,4.191,0.162,Japan
1939-04-01,9.709,0.168,Japan
1939-05-01,14.285,0.165,Japan
1939-06-01,18.847,0.201,Japan
1939-07-01,24.216,0.183,Japan
1939-08-01,24.571,0.158,Japan
1939-09-01,21.622,0.141,Japan
1939-10-01,15.151,0.145,Japan
1939-11-01,9.656,0.162,Japan
1939-12-01,3.22,0.263,Japan
1940-01-01,-0.6119999999999999,0.197,Japan
1940-02-01,0.327,0.192,Japan
1940-03-01,4.575,0.188,Japan
1940-04-01,9.329999999999998,0.176,Japan
1940-05-01,14.769,0.166,Japan
1940-06-01,18.612,0.229,Japan
1940-07-01,23.743,0.192,Japan
1940-08-01,23.485,0.1639999999999999,Japan
1940-09-01,19.941,0.193,Japan
1940-10-01,15.073,0.143,Japan
1940-11-01,10.222,0.171,Japan
1940-12-01,4.382,0.1669999999999999,Japan
1941-01-01,1.6709999999999998,0.219,Japan
1941-02-01,1.284,0.206,Japan
1941-03-01,4.99,0.146,Japan
1941-04-01,9.35,0.217,Japan
1941-05-01,14.8,0.204,Japan
1941-06-01,18.75,0.174,Japan
1941-07-01,21.283,0.226,Japan
1941-08-01,23.156,0.194,Japan
1941-09-01,19.39,0.185,Japan
1941-10-01,14.322,0.177,Japan
1941-11-01,9.767,0.179,Japan
1941-12-01,4.259,0.196,Japan
1942-01-01,-0.3819999999999999,0.252,Japan
1942-02-01,-0.5069999999999997,0.166,Japan
1942-03-01,6.587000000000001,0.195,Japan
1942-04-01,10.007,0.223,Japan
1942-05-01,14.085,0.232,Japan
1942-06-01,19.14,0.217,Japan
1942-07-01,24.716,0.234,Japan
1942-08-01,24.449,0.197,Japan
1942-09-01,21.175,0.135,Japan
1942-10-01,14.02,0.105,Japan
1942-11-01,8.015999999999998,0.187,Japan
1942-12-01,2.72,0.217,Japan
1943-01-01,-0.4640000000000002,0.173,Japan
1943-02-01,0.371,0.32,Japan
1943-03-01,4.022,0.225,Japan
1943-04-01,8.745999999999999,0.17,Japan
1943-05-01,14.470999999999998,0.215,Japan
1943-06-01,19.138,0.143,Japan
1943-07-01,23.718000000000004,0.28,Japan
1943-08-01,25.431,0.205,Japan
1943-09-01,21.848000000000003,0.19,Japan
1943-10-01,14.897,0.153,Japan
1943-11-01,8.273,0.156,Japan
1943-12-01,3.487,0.165,Japan
1944-01-01,-0.1620000000000001,0.185,Japan
1944-02-01,-0.232,0.188,Japan
1944-03-01,3.514,0.166,Japan
1944-04-01,8.094999999999999,0.191,Japan
1944-05-01,15.272,0.195,Japan
1944-06-01,19.621,0.188,Japan
1944-07-01,23.682,0.224,Japan
1944-08-01,25.175,0.249,Japan
1944-09-01,20.913,0.2,Japan
1944-10-01,14.496,0.175,Japan
1944-11-01,8.857000000000001,0.191,Japan
1944-12-01,1.0749999999999995,0.195,Japan
1945-01-01,-2.083,0.193,Japan
1945-02-01,-1.3210000000000002,0.182,Japan
1945-03-01,3.865,0.142,Japan
1945-04-01,10.194,0.177,Japan
1945-05-01,12.932,0.197,Japan
1945-06-01,18.221,0.182,Japan
1945-07-01,20.449,0.233,Japan
1945-08-01,24.794,0.191,Japan
1945-09-01,20.468,0.129,Japan
1945-10-01,14.939,0.151,Japan
1945-11-01,9.122,0.16,Japan
1945-12-01,2.086,0.186,Japan
1946-01-01,0.6799999999999999,0.249,Japan
1946-02-01,0.99,0.238,Japan
1946-03-01,3.2880000000000003,0.148,Japan
1946-04-01,10.861,0.155,Japan
1946-05-01,14.066,0.188,Japan
1946-06-01,20.364,0.272,Japan
1946-07-01,24.066,0.231,Japan
1946-08-01,25.212,0.266,Japan
1946-09-01,20.649,0.1639999999999999,Japan
1946-10-01,15.12,0.12,Japan
1946-11-01,10.599,0.147,Japan
1946-12-01,2.4330000000000003,0.181,Japan
1947-01-01,1.113,0.207,Japan
1947-02-01,-0.581,0.211,Japan
1947-03-01,3.256,0.222,Japan
1947-04-01,9.511,0.14,Japan
1947-05-01,13.947,0.204,Japan
1947-06-01,17.183999999999994,0.215,Japan
1947-07-01,23.429,0.174,Japan
1947-08-01,24.981,0.192,Japan
1947-09-01,20.619,0.157,Japan
1947-10-01,13.559,0.14,Japan
1947-11-01,7.705999999999999,0.147,Japan
1947-12-01,1.2789999999999997,0.109,Japan
1948-01-01,1.69,0.125,Japan
1948-02-01,1.633,0.178,Japan
1948-03-01,4.395,0.174,Japan
1948-04-01,11.226,0.141,Japan
1948-05-01,15.713,0.16,Japan
1948-06-01,19.227,0.192,Japan
1948-07-01,23.677,0.2,Japan
1948-08-01,24.76,0.19,Japan
1948-09-01,21.011,0.154,Japan
1948-10-01,15.208,0.139,Japan
1948-11-01,9.105,0.127,Japan
1948-12-01,5.906000000000001,0.232,Japan
1949-01-01,2.665,0.195,Japan
1949-02-01,3.4960000000000004,0.196,Japan
1949-03-01,3.2060000000000004,0.17,Japan
1949-04-01,8.299,0.147,Japan
1949-05-01,15.557,0.112,Japan
1949-06-01,17.715,0.184,Japan
1949-07-01,22.631,0.112,Japan
1949-08-01,24.833,0.145,Japan
1949-09-01,20.892,0.121,Japan
1949-10-01,14.225,0.108,Japan
1949-11-01,8.209,0.174,Japan
1949-12-01,3.503,0.168,Japan
1950-01-01,1.813,0.115,Japan
1950-02-01,1.887,0.144,Japan
1950-03-01,4.775,0.225,Japan
1950-04-01,10.741,0.155,Japan
1950-05-01,16.063,0.1669999999999999,Japan
1950-06-01,19.101,0.181,Japan
1950-07-01,24.285,0.156,Japan
1950-08-01,25.268,0.145,Japan
1950-09-01,21.306,0.112,Japan
1950-10-01,13.763,0.081,Japan
1950-11-01,9.186,0.177,Japan
1950-12-01,2.886,0.1,Japan
1951-01-01,0.037,0.261,Japan
1951-02-01,1.602,0.193,Japan
1951-03-01,4.65,0.132,Japan
1951-04-01,9.822,0.187,Japan
1951-05-01,15.151,0.26,Japan
1951-06-01,18.433,0.48,Japan
1951-07-01,22.183000000000003,0.246,Japan
1951-08-01,25.786,0.14,Japan
1951-09-01,19.027,0.325,Japan
1951-10-01,15.167,0.125,Japan
1951-11-01,8.812000000000001,0.3,Japan
1951-12-01,5.09,0.194,Japan
1952-01-01,1.0699999999999998,0.174,Japan
1952-02-01,-0.1559999999999999,0.168,Japan
1952-03-01,4.196000000000001,0.142,Japan
1952-04-01,10.318,0.108,Japan
1952-05-01,14.88,0.122,Japan
1952-06-01,18.856,0.184,Japan
1952-07-01,22.657,0.156,Japan
1952-08-01,24.467,0.113,Japan
1952-09-01,20.71,0.119,Japan
1952-10-01,14.539,0.087,Japan
1952-11-01,9.393,0.115,Japan
1952-12-01,2.346,0.141,Japan
1953-01-01,0.159,0.212,Japan
1953-02-01,0.542,0.147,Japan
1953-03-01,5.867999999999999,0.104,Japan
1953-04-01,9.169,0.145,Japan
1953-05-01,14.447,0.211,Japan
1953-06-01,18.536,0.242,Japan
1953-07-01,22.706,0.12,Japan
1953-08-01,23.787,0.139,Japan
1953-09-01,20.671,0.146,Japan
1953-10-01,15.183,0.145,Japan
1953-11-01,7.650999999999999,0.08,Japan
1953-12-01,4.857,0.157,Japan
1954-01-01,1.641,0.302,Japan
1954-02-01,2.83,0.26,Japan
1954-03-01,4.718999999999999,0.266,Japan
1954-04-01,11.209,0.19,Japan
1954-05-01,14.795,0.136,Japan
1954-06-01,16.746,0.311,Japan
1954-07-01,20.792,0.182,Japan
1954-08-01,24.407,0.157,Japan
1954-09-01,21.755,0.263,Japan
1954-10-01,13.795,0.176,Japan
1954-11-01,9.662,0.148,Japan
1954-12-01,4.337,0.152,Japan
1955-01-01,0.3079999999999999,0.187,Japan
1955-02-01,2.545,0.221,Japan
1955-03-01,5.803999999999999,0.136,Japan
1955-04-01,10.79,0.13,Japan
1955-05-01,14.729,0.257,Japan
1955-06-01,19.845,0.217,Japan
1955-07-01,24.878,0.14,Japan
1955-08-01,24.624,0.22,Japan
1955-09-01,20.417,0.1689999999999999,Japan
1955-10-01,15.048,0.19,Japan
1955-11-01,8.486999999999998,0.25,Japan
1955-12-01,5.273,0.206,Japan
1956-01-01,0.8949999999999999,0.182,Japan
1956-02-01,0.7709999999999999,0.189,Japan
1956-03-01,5.225,0.132,Japan
1956-04-01,10.205,0.195,Japan
1956-05-01,15.407,0.299,Japan
1956-06-01,19.01,0.124,Japan
1956-07-01,22.429,0.115,Japan
1956-08-01,22.986,0.182,Japan
1956-09-01,21.099,0.195,Japan
1956-10-01,15.492,0.189,Japan
1956-11-01,8.78,0.267,Japan
1956-12-01,1.934,0.291,Japan
1957-01-01,2.043,0.238,Japan
1957-02-01,0.696,0.282,Japan
1957-03-01,3.212,0.214,Japan
1957-04-01,10.768999999999998,0.403,Japan
1957-05-01,14.69,0.191,Japan
1957-06-01,17.726999999999997,0.491,Japan
1957-07-01,22.405,0.434,Japan
1957-08-01,24.38,0.765,Japan
1957-09-01,19.031,0.512,Japan
1957-10-01,14.694,0.349,Japan
1957-11-01,10.194,0.207,Japan
1957-12-01,4.823,0.181,Japan
1958-01-01,1.463,0.278,Japan
1958-02-01,2.615,0.316,Japan
1958-03-01,4.895,0.118,Japan
1958-04-01,10.575,0.216,Japan
1958-05-01,14.904000000000002,0.297,Japan
1958-06-01,19.423,0.361,Japan
1958-07-01,23.188,0.383,Japan
1958-08-01,23.74,0.289,Japan
1958-09-01,21.013,0.194,Japan
1958-10-01,14.229,0.22,Japan
1958-11-01,9.253,0.159,Japan
1958-12-01,5.542000000000001,0.237,Japan
1959-01-01,0.627,0.292,Japan
1959-02-01,4.112,0.196,Japan
1959-03-01,6.382999999999999,0.313,Japan
1959-04-01,11.51,0.292,Japan
1959-05-01,15.559,0.125,Japan
1959-06-01,18.515,0.207,Japan
1959-07-01,23.399,0.242,Japan
1959-08-01,24.277,0.15,Japan
1959-09-01,21.575,0.277,Japan
1959-10-01,15.442,0.223,Japan
1959-11-01,9.779,0.135,Japan
1959-12-01,4.32,0.201,Japan
1960-01-01,0.7919999999999999,0.236,Japan
1960-02-01,3.014,0.272,Japan
1960-03-01,5.965,0.112,Japan
1960-04-01,9.625,0.229,Japan
1960-05-01,14.992,0.332,Japan
1960-06-01,18.712,0.287,Japan
1960-07-01,23.333,0.181,Japan
1960-08-01,25.092,0.274,Japan
1960-09-01,21.518,0.11,Japan
1960-10-01,14.749,0.215,Japan
1960-11-01,10.062,0.239,Japan
1960-12-01,3.344,0.112,Japan
1961-01-01,-0.161,0.313,Japan
1961-02-01,0.928,0.196,Japan
1961-03-01,5.291,0.1669999999999999,Japan
1961-04-01,11.296,0.258,Japan
1961-05-01,16.243,0.25,Japan
1961-06-01,19.577,0.351,Japan
1961-07-01,24.632,0.206,Japan
1961-08-01,25.04,0.116,Japan
1961-09-01,22.917,0.11,Japan
1961-10-01,16.227999999999998,0.292,Japan
1961-11-01,10.185,0.105,Japan
1961-12-01,4.37,0.181,Japan
1962-01-01,1.1840000000000002,0.214,Japan
1962-02-01,1.922,0.198,Japan
1962-03-01,4.615,0.217,Japan
1962-04-01,10.759,0.253,Japan
1962-05-01,15.584,0.194,Japan
1962-06-01,18.531,0.537,Japan
1962-07-01,23.271,0.227,Japan
1962-08-01,24.679,0.244,Japan
1962-09-01,21.419,0.243,Japan
1962-10-01,14.242,0.366,Japan
1962-11-01,8.895,0.139,Japan
1962-12-01,4.493,0.257,Japan
1963-01-01,-0.3319999999999998,0.217,Japan
1963-02-01,0.81,0.168,Japan
1963-03-01,4.81,0.18,Japan
1963-04-01,11.058,0.18,Japan
1963-05-01,16.154,0.333,Japan
1963-06-01,19.431,0.243,Japan
1963-07-01,23.361,0.3,Japan
1963-08-01,24.127,0.136,Japan
1963-09-01,19.445,0.276,Japan
1963-10-01,14.244000000000002,0.144,Japan
1963-11-01,9.487,0.216,Japan
1963-12-01,4.924,0.144,Japan
1964-01-01,2.205,0.207,Japan
1964-02-01,0.2,0.178,Japan
1964-03-01,4.53,0.086,Japan
1964-04-01,12.155,0.181,Japan
1964-05-01,15.813,0.199,Japan
1964-06-01,18.428,0.327,Japan
1964-07-01,23.054,0.237,Japan
1964-08-01,24.994,0.267,Japan
1964-09-01,20.205,0.14,Japan
1964-10-01,14.09,0.256,Japan
1964-11-01,8.655,0.118,Japan
1964-12-01,3.868,0.16,Japan
1965-01-01,1.411,0.185,Japan
1965-02-01,1.122,0.166,Japan
1965-03-01,3.16,0.27,Japan
1965-04-01,8.200999999999999,0.143,Japan
1965-05-01,14.828,0.347,Japan
1965-06-01,18.869,0.455,Japan
1965-07-01,22.019,0.301,Japan
1965-08-01,24.269,0.102,Japan
1965-09-01,19.683,0.193,Japan
1965-10-01,14.03,0.247,Japan
1965-11-01,9.325,0.233,Japan
1965-12-01,3.338,0.275,Japan
1966-01-01,0.6869999999999999,0.239,Japan
1966-02-01,2.641,0.139,Japan
1966-03-01,6.035,0.185,Japan
1966-04-01,10.043,0.188,Japan
1966-05-01,14.55,0.198,Japan
1966-06-01,18.037,0.163,Japan
1966-07-01,22.111,0.246,Japan
1966-08-01,24.697,0.212,Japan
1966-09-01,20.233,0.245,Japan
1966-10-01,15.333,0.226,Japan
1966-11-01,9.111,0.12,Japan
1966-12-01,2.135,0.11,Japan
1967-01-01,0.0949999999999999,0.119,Japan
1967-02-01,1.089,0.203,Japan
1967-03-01,5.416,0.265,Japan
1967-04-01,10.553,0.128,Japan
1967-05-01,16.357,0.27,Japan
1967-06-01,19.374,0.174,Japan
1967-07-01,23.488000000000003,0.403,Japan
1967-08-01,25.11,0.225,Japan
1967-09-01,20.522,0.212,Japan
1967-10-01,14.24,0.144,Japan
1967-11-01,8.674999999999999,0.108,Japan
1967-12-01,2.277,0.159,Japan
1968-01-01,1.094,0.165,Japan
1968-02-01,-0.341,0.155,Japan
1968-03-01,5.7010000000000005,0.188,Japan
1968-04-01,10.577,0.1639999999999999,Japan
1968-05-01,14.487,0.146,Japan
1968-06-01,18.847,0.355,Japan
1968-07-01,22.652,0.257,Japan
1968-08-01,23.842,0.153,Japan
1968-09-01,20.031,0.121,Japan
1968-10-01,13.418,0.187,Japan
1968-11-01,9.938,0.111,Japan
1968-12-01,6.039,0.171,Japan
1969-01-01,1.19,0.166,Japan
1969-02-01,1.496,0.161,Japan
1969-03-01,3.784,0.098,Japan
1969-04-01,10.343,0.22,Japan
1969-05-01,15.18,0.139,Japan
1969-06-01,18.254,0.284,Japan
1969-07-01,22.591,0.212,Japan
1969-08-01,23.926,0.267,Japan
1969-09-01,20.674,0.153,Japan
1969-10-01,13.82,0.15,Japan
1969-11-01,8.603,0.113,Japan
1969-12-01,2.327,0.256,Japan
1970-01-01,-0.0440000000000001,0.213,Japan
1970-02-01,1.998,0.183,Japan
1970-03-01,1.814,0.241,Japan
1970-04-01,9.534,0.249,Japan
1970-05-01,16.012999999999998,0.177,Japan
1970-06-01,18.236,0.283,Japan
1970-07-01,23.166,0.18,Japan
1970-08-01,24.382,0.178,Japan
1970-09-01,21.356,0.135,Japan
1970-10-01,14.917,0.219,Japan
1970-11-01,8.87,0.114,Japan
1970-12-01,2.906,0.136,Japan
1971-01-01,0.931,0.144,Japan
1971-02-01,1.6,0.203,Japan
1971-03-01,4.274,0.123,Japan
1971-04-01,10.04,0.185,Japan
1971-05-01,14.703,0.181,Japan
1971-06-01,18.646,0.105,Japan
1971-07-01,23.312,0.21,Japan
1971-08-01,23.845,0.214,Japan
1971-09-01,19.666,0.207,Japan
1971-10-01,13.724,0.19,Japan
1971-11-01,9.059,0.171,Japan
1971-12-01,4.001,0.144,Japan
1972-01-01,2.983,0.305,Japan
1972-02-01,2.1870000000000003,0.163,Japan
1972-03-01,5.586,0.166,Japan
1972-04-01,10.482,0.212,Japan
1972-05-01,15.148,0.124,Japan
1972-06-01,18.931,0.247,Japan
1972-07-01,23.106,0.203,Japan
1972-08-01,24.224,0.233,Japan
1972-09-01,20.186,0.192,Japan
1972-10-01,15.018,0.277,Japan
1972-11-01,8.761000000000001,0.103,Japan
1972-12-01,4.494,0.19,Japan
1973-01-01,2.6790000000000003,0.282,Japan
1973-02-01,3.002,0.213,Japan
1973-03-01,4.0,0.313,Japan
1973-04-01,11.720999999999998,0.199,Japan
1973-05-01,15.052,0.282,Japan
1973-06-01,18.247,0.123,Japan
1973-07-01,23.84,0.225,Japan
1973-08-01,25.647,0.255,Japan
1973-09-01,20.22,0.096,Japan
1973-10-01,14.248,0.198,Japan
1973-11-01,8.119,0.102,Japan
1973-12-01,2.202,0.192,Japan
1974-01-01,0.835,0.233,Japan
1974-02-01,1.198,0.288,Japan
1974-03-01,3.857,0.189,Japan
1974-04-01,10.622,0.135,Japan
1974-05-01,15.564,0.178,Japan
1974-06-01,18.608,0.161,Japan
1974-07-01,21.818,0.148,Japan
1974-08-01,24.38,0.258,Japan
1974-09-01,19.984,0.175,Japan
1974-10-01,14.461,0.106,Japan
1974-11-01,7.754999999999999,0.296,Japan
1974-12-01,2.404,0.292,Japan
1975-01-01,0.7809999999999999,0.232,Japan
1975-02-01,0.6240000000000001,0.261,Japan
1975-03-01,4.421,0.102,Japan
1975-04-01,10.816,0.095,Japan
1975-05-01,14.948,0.168,Japan
1975-06-01,19.048,0.241,Japan
1975-07-01,23.152,0.307,Japan
1975-08-01,24.676,0.4370000000000001,Japan
1975-09-01,22.156,0.209,Japan
1975-10-01,14.799,0.203,Japan
1975-11-01,9.654,0.109,Japan
1975-12-01,2.969,0.193,Japan
1976-01-01,0.7389999999999999,0.218,Japan
1976-02-01,2.986,0.185,Japan
1976-03-01,4.931,0.165,Japan
1976-04-01,9.977,0.144,Japan
1976-05-01,15.15,0.338,Japan
1976-06-01,18.534,0.277,Japan
1976-07-01,22.154,0.305,Japan
1976-08-01,22.831,0.209,Japan
1976-09-01,19.066,0.233,Japan
1976-10-01,14.140999999999998,0.229,Japan
1976-11-01,7.475,0.129,Japan
1976-12-01,2.986,0.102,Japan
1977-01-01,-1.4349999999999998,0.224,Japan
1977-02-01,-0.2669999999999999,0.278,Japan
1977-03-01,5.297000000000001,0.151,Japan
1977-04-01,10.465,0.125,Japan
1977-05-01,14.725,0.209,Japan
1977-06-01,18.614,0.213,Japan
1977-07-01,23.708,0.283,Japan
1977-08-01,23.233,0.261,Japan
1977-09-01,21.175,0.198,Japan
1977-10-01,15.545,0.131,Japan
1977-11-01,10.476,0.071,Japan
1977-12-01,4.843,0.195,Japan
1978-01-01,1.157,0.25,Japan
1978-02-01,-0.5419999999999998,0.216,Japan
1978-03-01,4.401,0.197,Japan
1978-04-01,9.837,0.23,Japan
1978-05-01,15.481,0.179,Japan
1978-06-01,20.225,0.197,Japan
1978-07-01,25.342,0.282,Japan
1978-08-01,25.571,0.215,Japan
1978-09-01,20.616,0.099,Japan
1978-10-01,14.147,0.11,Japan
1978-11-01,9.139,0.177,Japan
1978-12-01,4.69,0.246,Japan
1979-01-01,2.197,0.211,Japan
1979-02-01,3.689,0.197,Japan
1979-03-01,5.087,0.13,Japan
1979-04-01,9.422,0.255,Japan
1979-05-01,14.45,0.253,Japan
1979-06-01,20.497,0.185,Japan
1979-07-01,22.195,0.1369999999999999,Japan
1979-08-01,24.641,0.274,Japan
1979-09-01,20.827,0.083,Japan
1979-10-01,16.012999999999998,0.133,Japan
1979-11-01,9.612,0.122,Japan
1979-12-01,5.481,0.149,Japan
1980-01-01,1.27,0.127,Japan
1980-02-01,0.088,0.111,Japan
1980-03-01,4.57,0.105,Japan
1980-04-01,9.207,0.18,Japan
1980-05-01,15.418,0.154,Japan
1980-06-01,20.161,0.227,Japan
1980-07-01,21.559,0.221,Japan
1980-08-01,21.938,0.198,Japan
1980-09-01,19.904,0.114,Japan
1980-10-01,14.505,0.127,Japan
1980-11-01,9.735,0.111,Japan
1980-12-01,3.1860000000000004,0.09,Japan
1981-01-01,-0.421,0.141,Japan
1981-02-01,0.985,0.218,Japan
1981-03-01,4.747,0.143,Japan
1981-04-01,10.278,0.194,Japan
1981-05-01,14.088,0.165,Japan
1981-06-01,18.114,0.233,Japan
1981-07-01,23.85,0.288,Japan
1981-08-01,23.714,0.138,Japan
1981-09-01,19.342,0.146,Japan
1981-10-01,14.084,0.229,Japan
1981-11-01,6.956,0.1689999999999999,Japan
1981-12-01,3.816,0.193,Japan
1982-01-01,0.979,0.096,Japan
1982-02-01,0.962,0.159,Japan
1982-03-01,5.674,0.177,Japan
1982-04-01,10.034,0.0819999999999999,Japan
1982-05-01,16.345,0.208,Japan
1982-06-01,18.47,0.222,Japan
1982-07-01,21.552,0.249,Japan
1982-08-01,24.268,0.088,Japan
1982-09-01,19.819000000000003,0.148,Japan
1982-10-01,15.004,0.118,Japan
1982-11-01,10.277,0.254,Japan
1982-12-01,4.652,0.236,Japan
1983-01-01,1.807,0.199,Japan
1983-02-01,0.782,0.236,Japan
1983-03-01,4.727,0.161,Japan
1983-04-01,12.513,0.12,Japan
1983-05-01,15.749,0.182,Japan
1983-06-01,17.473,0.329,Japan
1983-07-01,21.473000000000003,0.1669999999999999,Japan
1983-08-01,24.868,0.158,Japan
1983-09-01,20.931,0.15,Japan
1983-10-01,13.924,0.18,Japan
1983-11-01,8.559,0.187,Japan
1983-12-01,2.657,0.244,Japan
1984-01-01,-0.502,0.185,Japan
1984-02-01,-0.975,0.202,Japan
1984-03-01,2.215,0.219,Japan
1984-04-01,8.857999999999997,0.157,Japan
1984-05-01,14.3,0.12,Japan
1984-06-01,20.019,0.22,Japan
1984-07-01,23.935,0.298,Japan
1984-08-01,25.569000000000003,0.239,Japan
1984-09-01,20.33,0.166,Japan
1984-10-01,13.883,0.189,Japan
1984-11-01,8.989999999999998,0.166,Japan
1984-12-01,3.297,0.151,Japan
1985-01-01,-0.9269999999999998,0.106,Japan
1985-02-01,2.257,0.136,Japan
1985-03-01,4.989,0.125,Japan
1985-04-01,10.864999999999998,0.245,Japan
1985-05-01,15.79,0.181,Japan
1985-06-01,18.155,0.332,Japan
1985-07-01,23.295,0.212,Japan
1985-08-01,26.008000000000003,0.216,Japan
1985-09-01,20.966,0.249,Japan
1985-10-01,14.764,0.146,Japan
1985-11-01,8.921999999999997,0.172,Japan
1985-12-01,2.292,0.261,Japan
1986-01-01,-0.4119999999999999,0.238,Japan
1986-02-01,-0.355,0.156,Japan
1986-03-01,4.274,0.189,Japan
1986-04-01,10.463,0.159,Japan
1986-05-01,14.803,0.17,Japan
1986-06-01,18.554,0.211,Japan
1986-07-01,21.515,0.127,Japan
1986-08-01,24.569000000000003,0.213,Japan
1986-09-01,20.927,0.224,Japan
1986-10-01,13.187,0.099,Japan
1986-11-01,8.315999999999999,0.178,Japan
1986-12-01,4.456,0.0819999999999999,Japan
1987-01-01,1.242,0.213,Japan
1987-02-01,2.0980000000000003,0.185,Japan
1987-03-01,5.075,0.12,Japan
1987-04-01,10.249,0.091,Japan
1987-05-01,15.470999999999998,0.133,Japan
1987-06-01,19.457,0.181,Japan
1987-07-01,23.432,0.184,Japan
1987-08-01,23.993,0.223,Japan
1987-09-01,20.456,0.192,Japan
1987-10-01,15.669,0.168,Japan
1987-11-01,9.251,0.154,Japan
1987-12-01,4.133,0.122,Japan
1988-01-01,2.52,0.181,Japan
1988-02-01,0.458,0.162,Japan
1988-03-01,4.427,0.098,Japan
1988-04-01,10.207999999999998,0.1369999999999999,Japan
1988-05-01,14.794,0.136,Japan
1988-06-01,19.164,0.219,Japan
1988-07-01,21.187,0.196,Japan
1988-08-01,24.609,0.119,Japan
1988-09-01,20.724,0.18,Japan
1988-10-01,14.18,0.178,Japan
1988-11-01,7.424999999999999,0.134,Japan
1988-12-01,3.916,0.1369999999999999,Japan
1989-01-01,3.518,0.246,Japan
1989-02-01,3.579,0.133,Japan
1989-03-01,6.112,0.227,Japan
1989-04-01,11.151,0.179,Japan
1989-05-01,14.775,0.154,Japan
1989-06-01,17.953,0.262,Japan
1989-07-01,22.716,0.205,Japan
1989-08-01,24.655,0.261,Japan
1989-09-01,21.188,0.161,Japan
1989-10-01,14.485,0.202,Japan
1989-11-01,10.308,0.099,Japan
1989-12-01,4.501,0.081,Japan
1990-01-01,0.7869999999999999,0.199,Japan
1990-02-01,4.543,0.182,Japan
1990-03-01,6.7010000000000005,0.26,Japan
1990-04-01,10.890999999999998,0.101,Japan
1990-05-01,15.677,0.149,Japan
1990-06-01,20.377,0.283,Japan
1990-07-01,23.708,0.179,Japan
1990-08-01,25.64,0.197,Japan
1990-09-01,21.751,0.24,Japan
1990-10-01,15.78,0.228,Japan
1990-11-01,11.483999999999998,0.22,Japan
1990-12-01,5.747999999999999,0.195,Japan
1991-01-01,2.316,0.138,Japan
1991-02-01,1.6969999999999998,0.197,Japan
1991-03-01,5.656000000000001,0.162,Japan
1991-04-01,11.309,0.11,Japan
1991-05-01,15.499,0.182,Japan
1991-06-01,20.462,0.139,Japan
1991-07-01,22.883000000000003,0.263,Japan
1991-08-01,23.282,0.165,Japan
1991-09-01,21.1,0.163,Japan
1991-10-01,15.206,0.119,Japan
1991-11-01,9.097,0.103,Japan
1991-12-01,4.891,0.174,Japan
1992-01-01,2.676,0.249,Japan
1992-02-01,2.367,0.213,Japan
1992-03-01,6.0,0.182,Japan
1992-04-01,10.839,0.244,Japan
1992-05-01,14.249,0.1369999999999999,Japan
1992-06-01,18.109,0.242,Japan
1992-07-01,22.843000000000004,0.245,Japan
1992-08-01,23.78,0.184,Japan
1992-09-01,20.059,0.273,Japan
1992-10-01,14.666,0.124,Japan
1992-11-01,9.387,0.216,Japan
1992-12-01,4.836,0.346,Japan
1993-01-01,2.798,0.196,Japan
1993-02-01,3.185,0.161,Japan
1993-03-01,5.086,0.168,Japan
1993-04-01,9.636,0.19,Japan
1993-05-01,14.63,0.287,Japan
1993-06-01,18.187,0.168,Japan
1993-07-01,20.766,0.138,Japan
1993-08-01,22.171,0.204,Japan
1993-09-01,19.637,0.16,Japan
1993-10-01,13.98,0.13,Japan
1993-11-01,10.305,0.161,Japan
1993-12-01,4.281000000000001,0.133,Japan
1994-01-01,1.296,0.235,Japan
1994-02-01,2.507,0.187,Japan
1994-03-01,4.268,0.121,Japan
1994-04-01,11.411,0.17,Japan
1994-05-01,16.314,0.1639999999999999,Japan
1994-06-01,19.189,0.193,Japan
1994-07-01,24.888,0.168,Japan
1994-08-01,26.341,0.203,Japan
1994-09-01,21.902,0.179,Japan
1994-10-01,16.092,0.099,Japan
1994-11-01,10.114,0.1689999999999999,Japan
1994-12-01,4.435,0.175,Japan
1995-01-01,1.464,0.139,Japan
1995-02-01,2.174,0.202,Japan
1995-03-01,5.4350000000000005,0.1689999999999999,Japan
1995-04-01,10.678999999999998,0.187,Japan
1995-05-01,15.526,0.1669999999999999,Japan
1995-06-01,17.907999999999994,0.171,Japan
1995-07-01,23.441,0.159,Japan
1995-08-01,25.213,0.175,Japan
1995-09-01,20.12,0.247,Japan
1995-10-01,15.897,0.102,Japan
1995-11-01,8.537999999999998,0.117,Japan
1995-12-01,3.31,0.117,Japan
1996-01-01,1.545,0.185,Japan
1996-02-01,1.3090000000000002,0.136,Japan
1996-03-01,4.92,0.157,Japan
1996-04-01,8.684,0.184,Japan
1996-05-01,14.42,0.149,Japan
1996-06-01,18.97,0.192,Japan
1996-07-01,23.01,0.186,Japan
1996-08-01,23.773000000000003,0.144,Japan
1996-09-01,20.075,0.176,Japan
1996-10-01,14.765999999999998,0.139,Japan
1996-11-01,9.263,0.115,Japan
1996-12-01,4.259,0.114,Japan
1997-01-01,1.896,0.182,Japan
1997-02-01,2.506,0.197,Japan
1997-03-01,5.979,0.22,Japan
1997-04-01,10.93,0.095,Japan
1997-05-01,15.409,0.168,Japan
1997-06-01,19.195,0.22,Japan
1997-07-01,23.307,0.196,Japan
1997-08-01,23.822,0.227,Japan
1997-09-01,20.049,0.1669999999999999,Japan
1997-10-01,14.203,0.186,Japan
1997-11-01,10.720999999999998,0.095,Japan
1997-12-01,5.0120000000000005,0.128,Japan
1998-01-01,0.929,0.194,Japan
1998-02-01,3.016,0.185,Japan
1998-03-01,6.275,0.166,Japan
1998-04-01,12.973999999999998,0.17,Japan
1998-05-01,16.985,0.113,Japan
1998-06-01,18.784,0.178,Japan
1998-07-01,22.974,0.166,Japan
1998-08-01,24.286,0.104,Japan
1998-09-01,21.971,0.1639999999999999,Japan
1998-10-01,16.727999999999998,0.1369999999999999,Japan
1998-11-01,9.246,0.114,Japan
1998-12-01,4.769,0.142,Japan
1999-01-01,2.016,0.138,Japan
1999-02-01,1.863,0.178,Japan
1999-03-01,5.899,0.126,Japan
1999-04-01,10.678,0.21,Japan
1999-05-01,15.903,0.144,Japan
1999-06-01,19.809,0.176,Japan
1999-07-01,23.062,0.183,Japan
1999-08-01,25.547,0.13,Japan
1999-09-01,22.698,0.176,Japan
1999-10-01,15.701,0.165,Japan
1999-11-01,9.861,0.131,Japan
1999-12-01,3.924,0.159,Japan
2000-01-01,2.7310000000000003,0.201,Japan
2000-02-01,0.916,0.218,Japan
2000-03-01,4.867,0.195,Japan
2000-04-01,10.117,0.109,Japan
2000-05-01,16.062,0.183,Japan
2000-06-01,19.393,0.269,Japan
2000-07-01,24.327,0.233,Japan
2000-08-01,25.433000000000003,0.24,Japan
2000-09-01,21.525,0.13,Japan
2000-10-01,15.389,0.153,Japan
2000-11-01,9.479,0.12,Japan
2000-12-01,3.767,0.188,Japan
2001-01-01,0.334,0.195,Japan
2001-02-01,1.4169999999999998,0.1689999999999999,Japan
2001-03-01,5.169,0.117,Japan
2001-04-01,11.353,0.1689999999999999,Japan
2001-05-01,16.049,0.182,Japan
2001-06-01,19.56,0.253,Japan
2001-07-01,24.179,0.194,Japan
2001-08-01,23.882,0.188,Japan
2001-09-01,20.207,0.204,Japan
2001-10-01,15.226,0.122,Japan
2001-11-01,9.076,0.178,Japan
2001-12-01,2.948,0.139,Japan
2002-01-01,2.587,0.202,Japan
2002-02-01,3.4760000000000004,0.158,Japan
2002-03-01,7.353999999999999,0.175,Japan
2002-04-01,12.422,0.1669999999999999,Japan
2002-05-01,15.69,0.158,Japan
2002-06-01,18.971,0.14,Japan
2002-07-01,23.735,0.252,Japan
2002-08-01,24.074,0.1,Japan
2002-09-01,20.675,0.127,Japan
2002-10-01,14.893,0.224,Japan
2002-11-01,7.053999999999999,0.135,Japan
2002-12-01,3.117,0.12,Japan
2003-01-01,1.019,0.145,Japan
2003-02-01,2.235,0.185,Japan
2003-03-01,4.853,0.186,Japan
2003-04-01,11.327,0.211,Japan
2003-05-01,15.819,0.279,Japan
2003-06-01,19.436,0.307,Japan
2003-07-01,20.559,0.238,Japan
2003-08-01,23.393,0.297,Japan
2003-09-01,21.089,0.224,Japan
2003-10-01,14.421,0.276,Japan
2003-11-01,11.146999999999998,0.147,Japan
2003-12-01,4.7860000000000005,0.145,Japan
2004-01-01,1.641,0.139,Japan
2004-02-01,3.583,0.123,Japan
2004-03-01,5.782,0.211,Japan
2004-04-01,11.407,0.22,Japan
2004-05-01,16.465,0.132,Japan
2004-06-01,20.415,0.316,Japan
2004-07-01,24.377,0.184,Japan
2004-08-01,24.271,0.206,Japan
2004-09-01,21.631,0.107,Japan
2004-10-01,15.083,0.209,Japan
2004-11-01,11.309,0.111,Japan
2004-12-01,5.263999999999999,0.096,Japan
2005-01-01,1.56,0.175,Japan
2005-02-01,1.399,0.159,Japan
2005-03-01,4.767,0.173,Japan
2005-04-01,11.143999999999998,0.16,Japan
2005-05-01,14.474,0.136,Japan
2005-06-01,20.47,0.233,Japan
2005-07-01,22.701,0.157,Japan
2005-08-01,25.111,0.128,Japan
2005-09-01,21.892,0.105,Japan
2005-10-01,16.05,0.154,Japan
2005-11-01,9.549,0.126,Japan
2005-12-01,1.5539999999999998,0.175,Japan
2006-01-01,0.992,0.189,Japan
2006-02-01,2.51,0.171,Japan
2006-03-01,5.263,0.225,Japan
2006-04-01,9.422999999999998,0.234,Japan
2006-05-01,15.667,0.262,Japan
2006-06-01,19.183,0.225,Japan
2006-07-01,22.669,0.244,Japan
2006-08-01,25.596,0.245,Japan
2006-09-01,20.726,0.1669999999999999,Japan
2006-10-01,15.906,0.109,Japan
2006-11-01,10.43,0.155,Japan
2006-12-01,4.72,0.171,Japan
2007-01-01,3.051,0.175,Japan
2007-02-01,4.214,0.18,Japan
2007-03-01,5.938,0.185,Japan
2007-04-01,9.962,0.179,Japan
2007-05-01,15.613,0.134,Japan
2007-06-01,20.092,0.194,Japan
2007-07-01,21.814,0.264,Japan
2007-08-01,25.51,0.087,Japan
2007-09-01,22.532,0.258,Japan
2007-10-01,15.69,0.094,Japan
2007-11-01,9.2,0.15,Japan
2007-12-01,4.69,0.181,Japan
2008-01-01,1.408,0.188,Japan
2008-02-01,1.211,0.195,Japan
2008-03-01,6.757000000000001,0.19,Japan
2008-04-01,11.337,0.185,Japan
2008-05-01,15.444,0.16,Japan
2008-06-01,18.747,0.241,Japan
2008-07-01,24.062,0.216,Japan
2008-08-01,24.036,0.273,Japan
2008-09-01,21.297,0.1669999999999999,Japan
2008-10-01,15.879,0.111,Japan
2008-11-01,9.175999999999998,0.138,Japan
2008-12-01,5.145,0.141,Japan
2009-01-01,2.516,0.1669999999999999,Japan
2009-02-01,3.682,0.217,Japan
2009-03-01,6.068,0.147,Japan
2009-04-01,11.228,0.276,Japan
2009-05-01,16.348,0.146,Japan
2009-06-01,19.523,0.231,Japan
2009-07-01,22.529,0.34,Japan
2009-08-01,23.674,0.238,Japan
2009-09-01,20.453,0.173,Japan
2009-10-01,15.296,0.099,Japan
2009-11-01,9.655,0.234,Japan
2009-12-01,4.234,0.151,Japan
2010-01-01,2.197,0.139,Japan
2010-02-01,2.911,0.114,Japan
2010-03-01,5.372000000000001,0.17,Japan
2010-04-01,9.196,0.132,Japan
2010-05-01,14.923,0.1669999999999999,Japan
2010-06-01,20.337,0.299,Japan
2010-07-01,24.28,0.299,Japan
2010-08-01,26.642,0.253,Japan
2010-09-01,22.31,0.133,Japan
2010-10-01,15.892,0.122,Japan
2010-11-01,9.53,0.1689999999999999,Japan
2010-12-01,4.997,0.254,Japan
2011-01-01,-0.047,0.212,Japan
2011-02-01,3.279,0.17,Japan
2011-03-01,4.196000000000001,0.149,Japan
2011-04-01,10.11,0.158,Japan
2011-05-01,15.014,0.186,Japan
2011-06-01,19.978,0.234,Japan
2011-07-01,24.041,0.228,Japan
2011-08-01,25.001,0.119,Japan
2011-09-01,21.754,0.134,Japan
2011-10-01,15.429,0.171,Japan
2011-11-01,10.88,0.233,Japan
2011-12-01,3.218,0.289,Japan
2012-01-01,0.6279999999999999,0.274,Japan
2012-02-01,0.7040000000000001,0.174,Japan
2012-03-01,4.944,0.1689999999999999,Japan
2012-04-01,10.693,0.28,Japan
2012-05-01,15.587,0.222,Japan
2012-06-01,18.707,0.248,Japan
2012-07-01,23.651,0.356,Japan
2012-08-01,25.703000000000003,0.307,Japan
2012-09-01,22.933000000000003,0.272,Japan
2012-10-01,15.698,0.276,Japan
2012-11-01,8.982999999999997,0.21,Japan
2012-12-01,2.5569999999999995,0.295,Japan
2013-01-01,0.563,0.238,Japan
2013-02-01,1.528,0.363,Japan
2013-03-01,6.353,0.447,Japan
2013-04-01,10.102,0.322,Japan
2013-05-01,15.255999999999998,0.235,Japan
2013-06-01,19.961,0.38,Japan
2013-07-01,24.286,0.369,Japan
2013-08-01,25.669,0.303,Japan
2013-09-01,,,Japan
