dt,India,Japan,Netherlands,World
1961-01-01,0.536,-0.981,-0.009,0.399
1961-02-01,-1.413,-0.628,4.082,0.263
1961-03-01,0.499,0.6,2.54,0.254
1961-04-01,0.026,0.761,2.735,0.278
1961-05-01,-0.144,0.989,-1.141,0.367
1961-06-01,-0.589,0.818,0.346,0.313
1961-07-01,-0.293,1.442,-1.329,0.007
1961-08-01,0.065,0.692,-0.517,-0.001
1961-09-01,-0.348,2.126,2.941,-0.063
1961-10-01,-0.78,1.602,1.404,-0.123
1961-11-01,-1.021,1.013,-0.667,0.138
1961-12-01,-1.735,0.424,-1.396,-0.217
1962-01-01,-1.289,-0.092,1.856,0.104
1962-02-01,-0.38,0.34,0.273,0.218
1962-03-01,-0.569,-0.255,-3.082,0.279
1962-04-01,-0.223,0.062,0.268,0.027
1962-05-01,-0.37,0.362,-2.069,-0.183
1962-06-01,-0.049,-0.197,-1.466,-0.208
1962-07-01,0.18,0.282,-1.883,-0.035
1962-08-01,-0.127,0.239,-1.135,-0.007
1962-09-01,-0.384,0.761,-1.125,-0.023
1962-10-01,-0.852,-0.313,0.377,0.25
1962-11-01,-0.573,-0.202,-1.534,0.201
1962-12-01,-0.426,0.555,-3.539,0.113
1963-01-01,-0.395,-1.722,-7.121,-0.171
1963-02-01,0.669,-1.077,-5.8,0.563
1963-03-01,-0.357,-0.066,-0.343,-0.237
1963-04-01,-0.903,0.556,0.907,0.002
1963-05-01,-0.558,1.149,-0.687,-0.029
1963-06-01,-0.169,0.581,0.29,-0.12
1963-07-01,0.501,0.352,0.005,0.208
1963-08-01,0.053,-0.077,-0.893,0.159
1963-09-01,0.134,-0.856,-0.021,0.374
1963-10-01,0.133,-0.472,-0.731,0.653
1963-11-01,0.559,0.324,2.693,0.392
1963-12-01,0.213,0.974,-3.927,-0.225
1964-01-01,-0.528,1.306,-1.343,-0.311
1964-02-01,-0.057,-1.133,0.931,-0.409
1964-03-01,0.945,-0.185,-2.262,-0.287
1964-04-01,0.57,2.264,1.037,-0.167
1964-05-01,-0.151,0.585,1.795,-0.097
1964-06-01,0.098,-0.474,0.529,-0.089
1964-07-01,-0.297,0.115,0.552,-0.235
1964-08-01,-0.038,0.533,-0.239,-0.362
1964-09-01,-0.138,-0.153,0.435,-0.256
1964-10-01,0.05,-0.303,-2.107,-0.46
1964-11-01,-0.644,-0.451,0.563,-0.135
1964-12-01,-0.327,0.011,-0.732,-0.643
1965-01-01,0.775,0.37,1.096,0.206
1965-02-01,-0.272,-0.319,-1.017,-0.45
1965-03-01,-0.86,-1.631,-0.495,-0.272
1965-04-01,-1.165,-2.017,-0.348,-0.574
1965-05-01,-0.43,-0.439,-0.272,-0.141
1965-06-01,0.571,-0.101,-0.169,-0.036
1965-07-01,0.031,-0.729,-1.731,-0.29
1965-08-01,0.075,-0.094,-1.305,-0.247
1965-09-01,-0.035,-1.0,-0.834,-0.146
1965-10-01,0.44,-0.72,-0.057,-0.056
1965-11-01,0.474,0.379,-2.837,-0.057
1965-12-01,-0.041,-0.468,1.103,0.285
1966-01-01,0.495,-0.152,-1.786,0.458
1966-02-01,1.284,1.228,2.635,0.756
1966-03-01,-0.073,1.386,0.109,0.391
1966-04-01,-0.019,-0.204,0.694,-0.018
1966-05-01,0.116,-0.608,1.081,-0.069
1966-06-01,-0.04,-0.713,1.621,0.279
1966-07-01,0.805,-0.755,-1.126,0.27
1966-08-01,0.233,0.465,-0.791,0.159
1966-09-01,0.028,-0.368,-0.02,-0.076
1966-10-01,0.204,0.455,1.448,0.039
1966-11-01,0.486,-0.015,-1.656,-0.063
1966-12-01,-0.406,-1.445,0.922,-0.218
1967-01-01,-0.335,-0.852,1.439,-0.289
1967-02-01,0.716,-0.453,2.719,-0.557
1967-03-01,-1.115,0.578,1.942,-0.117
1967-04-01,-0.775,0.297,-0.764,-0.174
1967-05-01,-0.078,1.147,0.48,0.238
1967-06-01,0.299,0.514,-0.553,-0.354
1967-07-01,0.108,0.531,1.512,-0.214
1967-08-01,-0.168,0.747,0.072,-0.028
1967-09-01,-0.254,-0.039,0.302,-0.016
1967-10-01,-0.334,-0.399,1.581,0.332
1967-11-01,-0.222,-0.221,-0.499,0.025
1967-12-01,0.502,-1.773,-0.442,-0.208
1968-01-01,-0.646,0.035,-0.368,-0.393
1968-02-01,-1.117,-2.147,-0.308,-0.412
1968-03-01,-0.554,0.651,1.123,0.423
1968-04-01,-0.932,-0.014,1.458,-0.137
1968-05-01,-0.539,-0.664,-1.219,-0.333
1968-06-01,-0.024,-0.219,0.373,-0.217
1968-07-01,0.018,-0.378,-0.432,-0.195
1968-08-01,0.092,-0.406,0.351,-0.215
1968-09-01,0.605,-0.497,0.453,0.019
1968-10-01,-0.315,-1.121,1.421,-0.007
1968-11-01,-0.008,0.623,-0.427,0.237
1968-12-01,-0.002,2.095,-2.98,-0.075
1969-01-01,0.089,0.496,1.995,-0.859
1969-02-01,0.417,0.165,-2.407,-0.658
1969-03-01,1.296,-0.868,-2.359,-0.018
1969-04-01,0.485,-0.038,-0.164,0.047
1969-05-01,-0.34,0.057,0.764,0.228
1969-06-01,0.479,-0.722,-0.299,0.023
1969-07-01,0.158,-0.309,1.629,-0.065
1969-08-01,-0.005,-0.251,0.75,0.042
1969-09-01,-0.088,0.27,0.473,-0.076
1969-10-01,0.242,-0.776,2.023,0.047
1969-11-01,0.865,-0.592,0.554,0.286
1969-12-01,0.336,-1.466,-4.57,0.469
1970-01-01,0.332,-1.015,-1.406,0.078
1970-02-01,-0.053,0.569,-1.358,0.612
1970-03-01,-0.311,-2.753,-2.089,-0.043
1970-04-01,0.478,-0.881,-1.845,0.357
1970-05-01,0.496,0.674,0.53,0.16
1970-06-01,-0.82,-0.594,1.778,0.18
1970-07-01,0.282,0.088,-0.791,0.055
1970-08-01,0.09,0.078,0.436,0.11
1970-09-01,-0.01,0.762,0.317,-0.126
1970-10-01,0.166,0.382,0.262,-0.144
1970-11-01,-0.581,-0.287,1.709,0.132
1970-12-01,-0.564,-0.794,-0.688,-0.389
1971-01-01,-0.193,-0.229,0.223,-0.05
1971-02-01,-0.243,-0.042,1.4,-0.039
1971-03-01,-0.535,-0.502,-2.079,-0.006
1971-04-01,-0.024,-0.28,0.389,-0.187
1971-05-01,-1.125,-0.48,1.769,-0.015
1971-06-01,-1.465,0.04,-1.108,-0.206
1971-07-01,-0.421,0.474,0.79,0.003
1971-08-01,-0.352,-0.405,0.899,-0.067
1971-09-01,0.024,-0.729,-0.76,0.008
1971-10-01,-0.305,-0.853,0.271,-0.115
1971-11-01,-0.59,-0.085,-0.49,-0.04
1971-12-01,-0.336,0.158,2.29,0.128
1972-01-01,0.04,2.046,-1.412,-0.994
1972-02-01,-1.69,0.684,1.536,-1.306
1972-03-01,0.144,0.607,1.613,-0.172
1972-04-01,-0.493,-0.028,-0.179,-0.125
1972-05-01,0.337,-0.041,-0.245,-0.048
1972-06-01,1.109,0.099,-1.412,0.169
1972-07-01,0.629,0.063,0.723,0.101
1972-08-01,0.208,-0.19,-0.774,-0.001
1972-09-01,0.086,-0.484,-2.31,-0.149
1972-10-01,-0.031,0.206,-1.396,-0.04
1972-11-01,0.163,-0.292,0.14,0.098
1972-12-01,0.697,0.597,0.539,-0.124
1973-01-01,0.607,1.698,0.874,0.23
1973-02-01,1.149,1.584,0.711,0.965
1973-03-01,0.264,-0.583,0.688,0.712
1973-04-01,1.473,1.373,-1.81,0.447
1973-05-01,0.545,-0.193,0.313,0.299
1973-06-01,0.026,-0.49,0.939,0.403
1973-07-01,0.1,0.69,0.641,0.34
1973-08-01,-0.111,1.061,1.393,0.179
1973-09-01,-0.014,-0.39,0.927,-0.051
1973-10-01,-0.2,-0.283,-1.302,0.159
1973-11-01,-0.428,-0.988,-0.428,-0.265
1973-12-01,-0.602,-1.721,-0.399,-0.093
1974-01-01,-0.174,-0.183,3.564,-0.495
1974-02-01,-0.398,-0.291,2.61,-0.427
1974-03-01,0.915,-0.815,1.38,0.018
1974-04-01,0.677,0.13,0.981,-0.167
1974-05-01,-0.417,0.291,-0.605,-0.107
1974-06-01,-0.233,-0.311,-0.629,-0.105
1974-07-01,-0.024,-0.985,-1.307,-0.166
1974-08-01,0.22,0.005,0.323,-0.239
1974-09-01,0.399,-0.644,-0.656,-0.326
1974-10-01,0.236,-0.036,-3.254,-0.174
1974-11-01,-0.431,-1.136,0.813,0.106
1974-12-01,-0.888,-0.972,3.799,-0.245
1975-01-01,-0.786,-0.132,4.705,0.368
1975-02-01,-0.226,-0.773,1.46,0.101
1975-03-01,-0.225,-0.399,0.019,0.21
1975-04-01,0.55,0.42,-0.384,0.247
1975-05-01,0.485,-0.266,-0.793,0.266
1975-06-01,-0.38,0.184,-0.333,0.24
1975-07-01,-0.589,0.136,1.399,0.237
1975-08-01,-0.11,0.2,3.087,0.062
1975-09-01,-0.61,1.406,1.487,0.3
1975-10-01,0.26,0.333,-1.425,-0.193
1975-11-01,-1.279,0.393,-0.556,-0.514
1975-12-01,-0.687,-0.884,0.151,-0.329
1976-01-01,-0.157,-0.367,1.907,0.129
1976-02-01,0.098,1.491,0.51,-0.447
1976-03-01,0.174,0.109,-1.702,-0.865
1976-04-01,-0.496,-0.321,-0.403,-0.032
1976-05-01,-0.329,-0.062,1.078,-0.196
1976-06-01,-0.559,-0.181,2.242,-0.354
1976-07-01,-0.074,-1.009,2.659,-0.191
1976-08-01,-0.441,-1.175,0.779,-0.193
1976-09-01,-0.235,-1.48,-0.256,-0.146
1976-10-01,0.718,-0.535,0.927,-0.687
1976-11-01,1.709,-1.599,0.63,-0.421
1976-12-01,0.619,-0.768,-1.959,-0.098
1977-01-01,0.043,-2.108,0.74,-0.545
1977-02-01,0.6,-1.784,2.584,0.782
1977-03-01,1.38,0.566,2.307,0.965
1977-04-01,-0.375,0.228,-1.548,0.442
1977-05-01,-1.165,-0.33,-0.42,0.239
1977-06-01,-0.425,-0.044,-0.491,0.358
1977-07-01,-0.38,0.707,-0.111,0.171
1977-08-01,0.003,-0.891,-0.385,0.103
1977-09-01,-0.131,0.588,-1.057,0.17
1977-10-01,0.17,0.843,1.417,0.123
1977-11-01,1.366,1.193,0.816,0.548
1977-12-01,0.351,1.004,1.518,-0.025
1978-01-01,-0.279,0.255,0.955,0.116
1978-02-01,-0.538,-1.791,-1.493,0.166
1978-03-01,-1.102,-0.401,1.396,0.369
1978-04-01,-0.17,-0.541,-0.86,0.174
1978-05-01,0.744,0.268,-0.025,0.016
1978-06-01,-0.588,1.258,-0.319,-0.242
1978-07-01,-0.691,1.982,-1.254,-0.004
1978-08-01,-0.361,0.978,-1.095,-0.257
1978-09-01,-0.284,0.13,-0.775,0.013
1978-10-01,0.233,-0.356,0.57,-0.039
1978-11-01,0.707,0.051,0.523,-0.239
1978-12-01,0.162,0.783,-0.931,0.159
1979-01-01,0.627,1.278,-4.78,0.377
1979-02-01,-0.669,2.024,-2.896,-0.119
1979-03-01,-0.637,0.308,-0.25,0.434
1979-04-01,0.207,-0.739,-0.499,0.086
1979-05-01,-0.279,-0.862,-0.109,0.059
1979-06-01,0.749,1.366,0.436,0.18
1979-07-01,0.493,-0.568,-0.84,0.06
1979-08-01,0.26,0.243,-0.931,0.29
1979-09-01,0.35,0.255,-0.222,0.267
1979-10-01,0.644,1.11,0.36,0.523
1979-11-01,1.46,0.344,-0.252,0.381
1979-12-01,0.617,1.433,2.397,0.849
1980-01-01,0.481,0.319,-1.701,0.089
1980-02-01,0.735,-1.413,2.317,0.216
1980-03-01,-0.038,0.026,-0.023,0.0
1980-04-01,1.098,-1.013,-0.37,0.575
1980-05-01,0.815,0.148,-0.778,0.434
1980-06-01,-0.556,1.262,-0.331,0.28
1980-07-01,-0.148,-1.03,-1.14,0.316
1980-08-01,0.022,-1.912,0.494,0.165
1980-09-01,0.471,-0.603,1.212,0.075
1980-10-01,0.563,-0.117,-1.069,0.22
1980-11-01,0.548,0.523,-0.934,0.739
1980-12-01,0.334,-0.926,0.039,0.252
1981-01-01,-0.003,-1.395,0.068,1.082
1981-02-01,0.513,-0.424,-0.825,0.961
1981-03-01,-0.438,0.125,3.22,1.126
1981-04-01,-0.057,-0.127,0.525,0.385
1981-05-01,-0.085,-1.06,1.364,0.254
1981-06-01,0.527,-0.493,-0.344,0.17
1981-07-01,-0.156,0.77,-0.179,0.216
1981-08-01,0.129,-0.455,0.241,0.245
1981-09-01,0.179,-1.12,0.816,0.23
1981-10-01,0.165,-0.562,-1.459,0.143
1981-11-01,-0.632,-1.937,0.567,0.207
1981-12-01,-0.209,-0.206,-3.495,0.735
1982-01-01,0.631,-0.14,-1.095,0.102
1982-02-01,-0.447,-0.474,0.521,-0.213
1982-03-01,-1.088,0.941,0.639,0.005
1982-04-01,-0.633,-0.531,-0.265,0.096
1982-05-01,-0.966,1.022,0.514,0.159
1982-06-01,0.093,-0.488,1.201,-0.137
1982-07-01,0.89,-1.272,1.868,0.13
1982-08-01,0.064,-0.074,0.823,0.103
1982-09-01,0.285,-0.745,2.113,0.224
1982-10-01,0.468,0.243,0.732,0.069
1982-11-01,0.112,1.113,2.032,-0.343
1982-12-01,0.475,0.597,0.575,0.298
1983-01-01,-0.295,0.799,3.97,0.672
1983-02-01,-0.586,-0.688,-1.649,0.632
1983-03-01,-0.352,0.025,0.862,0.392
1983-04-01,-1.269,1.991,0.823,0.454
1983-05-01,-0.477,0.547,-0.88,0.535
1983-06-01,0.53,-1.078,0.945,0.125
1983-07-01,0.46,-1.108,3.221,0.484
1983-08-01,0.203,0.573,1.853,0.496
1983-09-01,0.021,0.546,0.298,0.462
1983-10-01,-0.463,-0.351,0.163,0.169
1983-11-01,-0.729,-0.688,0.265,0.7
1983-12-01,-0.36,-1.305,0.314,-0.069
1984-01-01,-0.195,-1.473,1.428,0.19
1984-02-01,-1.195,-2.32,-0.141,-0.25
1984-03-01,0.707,-2.374,-0.903,0.294
1984-04-01,0.202,-1.3,-0.362,0.351
1984-05-01,0.897,-0.799,-1.305,0.392
1984-06-01,-0.274,1.131,-1.312,0.039
1984-07-01,-0.355,0.911,-0.638,0.117
1984-08-01,-0.217,0.979,1.205,0.2
1984-09-01,-0.44,-0.218,-0.696,-0.103
1984-10-01,-0.166,-0.704,1.212,0.266
1984-11-01,-0.611,0.063,1.957,0.014
1984-12-01,0.38,-0.457,0.83,-0.906
1985-01-01,0.459,-1.653,-4.878,0.233
1985-02-01,0.093,0.71,-2.866,-0.577
1985-03-01,1.395,0.447,-0.711,-0.002
1985-04-01,0.322,0.311,0.578,0.238
1985-05-01,0.404,0.606,1.233,0.535
1985-06-01,-0.269,-0.543,-1.555,0.091
1985-07-01,-0.482,0.28,0.433,-0.063
1985-08-01,0.018,1.311,-0.537,0.262
1985-09-01,0.151,0.506,0.251,-0.061
1985-10-01,-0.706,0.253,0.278,0.004
1985-11-01,-0.129,-0.321,-3.249,-0.166
1985-12-01,0.798,-1.449,2.562,0.163
1986-01-01,0.067,-1.338,0.278,0.891
1986-02-01,-0.242,-1.905,-6.17,0.164
1986-03-01,0.173,-0.513,-0.495,0.263
1986-04-01,0.045,0.096,-1.489,0.512
1986-05-01,-0.46,-0.347,1.507,0.504
1986-06-01,0.097,-0.157,0.836,0.275
1986-07-01,-0.129,-1.076,0.403,0.122
1986-08-01,-0.063,0.222,-0.586,0.244
1986-09-01,0.329,0.303,-2.388,0.094
1986-10-01,0.131,-1.418,1.151,-0.045
1986-11-01,0.695,-0.686,2.036,-0.331
1986-12-01,0.064,0.571,1.361,0.156
1987-01-01,0.539,0.303,-4.857,0.529
1987-02-01,0.538,0.537,-0.414,1.206
1987-03-01,0.121,0.441,-3.036,-0.069
1987-04-01,0.32,-0.156,2.281,0.291
1987-05-01,-0.804,0.224,-1.92,0.372
1987-06-01,0.952,0.393,-1.254,0.351
1987-07-01,1.172,0.428,0.183,0.552
1987-08-01,0.9,-0.122,-0.451,0.216
1987-09-01,1.127,-0.192,0.881,0.515
1987-10-01,0.603,1.082,0.481,0.048
1987-11-01,0.583,0.344,0.723,0.527
1987-12-01,0.33,0.232,1.051,1.073
1988-01-01,1.12,1.607,3.957,0.895
1988-02-01,1.221,-0.792,1.943,0.421
1988-03-01,0.388,-0.177,-0.078,0.673
1988-04-01,0.547,-0.316,0.484,0.721
1988-05-01,1.112,-0.236,2.202,0.545
1988-06-01,0.165,0.45,-0.296,0.621
1988-07-01,-0.189,-1.184,-0.159,0.57
1988-08-01,0.146,0.27,0.32,0.369
1988-09-01,0.547,0.245,-0.109,0.411
1988-10-01,0.047,-0.301,0.518,0.264
1988-11-01,-0.204,-1.653,-0.31,0.029
1988-12-01,0.579,-0.071,2.977,0.489
1989-01-01,-0.525,2.44,2.831,0.217
1989-02-01,-0.348,1.893,2.888,0.201
1989-03-01,-0.495,1.098,3.36,0.504
1989-04-01,-0.235,0.731,-0.764,0.596
1989-05-01,0.382,-0.307,1.999,0.235
1989-06-01,-0.831,-0.716,0.311,0.237
1989-07-01,-0.08,-0.206,1.279,0.328
1989-08-01,-0.097,0.277,0.807,0.369
1989-09-01,0.098,0.661,1.361,0.284
1989-10-01,0.199,-0.185,1.857,0.412
1989-11-01,0.36,0.987,-0.459,0.035
1989-12-01,-0.21,0.51,1.603,0.485
1990-01-01,1.402,-0.051,3.378,0.964
1990-02-01,0.137,2.929,5.349,0.76
1990-03-01,-1.051,1.698,3.404,1.312
1990-04-01,-0.216,0.24,0.499,0.581
1990-05-01,-1.074,0.376,1.695,0.391
1990-06-01,-0.384,1.46,-0.011,0.571
1990-07-01,-0.437,0.796,0.037,0.214
1990-08-01,0.148,1.258,2.038,0.416
1990-09-01,-0.088,1.141,-1.272,0.386
1990-10-01,-0.503,1.003,1.713,0.514
1990-11-01,0.529,2.14,0.328,1.048
1990-12-01,0.365,1.569,0.341,0.506
1991-01-01,-0.131,1.371,1.577,0.563
1991-02-01,0.657,0.053,-2.751,0.63
1991-03-01,0.458,1.286,3.441,0.649
1991-04-01,-0.294,1.037,0.225,0.617
1991-05-01,0.419,0.371,-2.008,0.148
1991-06-01,-0.275,1.839,-2.127,0.56
1991-07-01,0.601,0.365,2.194,0.423
1991-08-01,-0.133,-0.645,1.507,0.405
1991-09-01,0.219,0.776,1.243,0.426
1991-10-01,-0.215,0.594,-0.256,0.366
1991-11-01,-0.302,-0.002,-0.233,0.193
1991-12-01,-0.2,1.094,0.287,0.183
1992-01-01,-0.075,1.669,1.147,0.94
1992-02-01,-0.781,0.633,2.597,0.783
1992-03-01,0.197,1.54,1.782,0.71
1992-04-01,-0.049,0.558,0.616,0.258
1992-05-01,-0.38,-0.658,2.868,0.278
1992-06-01,0.713,-0.629,1.897,0.124
1992-07-01,0.395,-0.064,1.78,-0.281
1992-08-01,-0.104,-0.274,1.712,-0.078
1992-09-01,-0.167,-0.252,0.356,-0.294
1992-10-01,-0.181,0.055,-2.411,-0.15
1992-11-01,0.089,0.255,1.569,-0.216
1992-12-01,0.05,0.983,0.649,0.388
1993-01-01,0.275,1.737,2.791,0.713
1993-02-01,0.458,1.494,-0.32,0.718
1993-03-01,-0.88,0.286,0.798,0.795
1993-04-01,-0.274,-0.664,3.053,0.383
1993-05-01,0.319,-0.334,2.319,0.414
1993-06-01,0.312,-0.244,0.595,0.336
1993-07-01,0.276,-1.646,-0.339,0.311
1993-08-01,0.511,-1.612,-1.111,0.22
1993-09-01,-0.136,-0.674,-1.053,-0.031
1993-10-01,0.28,-0.513,-1.133,0.266
1993-11-01,0.413,1.282,-3.25,-0.373
1993-12-01,0.083,0.482,1.791,0.462
1994-01-01,0.911,0.449,3.084,0.511
1994-02-01,-0.291,0.991,-0.654,-0.264
1994-03-01,1.096,-0.479,2.412,0.712
1994-04-01,-0.671,1.106,0.732,0.613
1994-05-01,0.535,1.042,0.489,0.689
1994-06-01,-0.18,0.469,0.362,0.642
1994-07-01,-0.667,1.931,4.484,0.348
1994-08-01,-0.322,1.865,1.261,0.351
1994-09-01,-0.177,1.245,-0.311,0.467
1994-10-01,-0.254,1.334,-0.803,0.723
1994-11-01,0.043,1.139,3.55,0.729
1994-12-01,-0.072,0.85,2.36,0.515
1995-01-01,-0.761,0.493,1.35,1.217
1995-02-01,0.013,0.482,4.054,1.685
1995-03-01,-0.626,0.499,0.212,0.839
1995-04-01,-0.156,0.276,1.181,0.703
1995-05-01,0.006,0.335,0.6,0.565
1995-06-01,1.431,-0.623,-0.567,0.789
1995-07-01,0.248,0.49,3.419,0.538
1995-08-01,0.314,1.02,2.787,0.854
1995-09-01,0.361,-0.257,-0.012,0.647
1995-10-01,0.549,1.256,2.8,0.835
1995-11-01,0.285,-0.682,0.34,0.76
1995-12-01,0.647,-0.656,-3.296,0.406
1996-01-01,0.579,0.582,-1.767,0.258
1996-02-01,0.481,-0.291,-2.135,0.802
1996-03-01,1.129,0.275,-1.722,0.279
1996-04-01,-0.087,-1.737,1.134,0.097
1996-05-01,0.369,-0.639,-1.293,0.599
1996-06-01,-0.108,0.476,0.168,0.371
1996-07-01,0.286,0.289,-0.336,0.446
1996-08-01,-0.334,-0.294,1.097,0.345
1996-09-01,0.128,-0.216,-1.65,0.081
1996-10-01,-0.361,0.225,0.54,0.167
1996-11-01,0.068,0.387,-0.06,0.397
1996-12-01,-0.083,0.321,-2.687,0.582
1997-01-01,-0.399,0.835,-2.617,0.554
1997-02-01,-0.529,0.854,3.717,0.782
1997-03-01,0.124,1.236,2.884,0.813
1997-04-01,-1.444,0.555,-0.363,0.619
1997-05-01,-0.549,0.459,0.669,0.458
1997-06-01,-0.256,0.344,0.684,0.675
1997-07-01,0.445,0.291,0.97,0.551
1997-08-01,0.396,-0.26,4.003,0.659
1997-09-01,0.23,-0.351,0.385,0.762
1997-10-01,-0.578,-0.403,-0.665,0.806
1997-11-01,0.619,1.467,0.39,0.632
1997-12-01,-0.019,1.137,1.442,0.659
1998-01-01,0.38,0.232,2.813,0.788
1998-02-01,0.37,1.608,3.97,1.739
1998-03-01,-0.599,1.518,2.241,0.959
1998-04-01,0.474,2.687,1.351,1.325
1998-05-01,1.167,1.984,2.439,1.014
1998-06-01,1.014,0.328,0.989,1.044
1998-07-01,0.583,0.35,-0.398,1.196
1998-08-01,0.667,0.451,0.135,1.12
1998-09-01,0.533,1.528,0.643,0.875
1998-10-01,0.58,2.193,-0.633,0.813
1998-11-01,0.767,0.306,-2.149,0.376
1998-12-01,0.343,1.074,0.785,1.042
1999-01-01,-0.082,1.133,3.283,1.009
1999-02-01,1.26,0.353,0.7,1.73
1999-03-01,0.943,1.389,2.32,0.369
1999-04-01,1.211,0.378,1.953,0.818
1999-05-01,-0.304,0.553,1.934,0.619
1999-06-01,-0.615,1.034,-0.056,0.676
1999-07-01,0.29,0.168,2.407,0.689
1999-08-01,0.25,1.138,1.052,0.573
1999-09-01,0.301,2.075,3.779,0.681
1999-10-01,0.188,1.235,0.392,0.636
1999-11-01,0.786,0.791,0.341,0.614
1999-12-01,0.326,0.078,1.3,1.121
2000-01-01,0.688,1.74,2.13,0.478
2000-02-01,-0.65,-0.564,3.452,1.249
2000-03-01,-0.397,0.22,1.88,1.156
2000-04-01,1.0,-0.228,2.247,1.387
2000-05-01,-0.099,0.835,2.644,0.754
2000-06-01,-0.667,0.647,1.122,0.619
2000-07-01,0.041,1.186,-1.092,0.538
2000-08-01,0.489,0.997,1.064,0.681
2000-09-01,0.331,0.846,1.383,0.471
2000-10-01,1.089,1.006,1.109,0.277
2000-11-01,1.142,0.74,1.889,0.09
2000-12-01,0.59,0.234,2.066,0.222
2001-01-01,0.216,-0.24,1.123,0.807
2001-02-01,0.999,0.215,2.03,0.605
2001-03-01,0.354,0.469,0.359,1.195
2001-04-01,-0.253,0.842,0.143,0.981
2001-05-01,0.224,0.824,2.032,1.026
2001-06-01,-0.973,0.905,-0.343,0.691
2001-07-01,0.078,1.202,1.976,0.832
2001-08-01,0.501,-0.165,2.198,0.986
2001-09-01,1.053,-0.151,-0.918,0.697
2001-10-01,0.768,0.776,3.877,0.651
2001-11-01,1.217,-0.048,0.695,1.347
2001-12-01,0.917,-0.656,-0.539,0.748
2002-01-01,0.475,1.551,2.307,1.398
2002-02-01,0.562,1.74,4.623,1.833
2002-03-01,0.849,2.479,2.206,1.602
2002-04-01,0.868,1.908,1.284,0.803
2002-05-01,0.846,0.68,1.571,0.77
2002-06-01,0.239,0.259,1.691,0.786
2002-07-01,1.574,0.763,0.986,1.04
2002-08-01,0.37,-0.077,2.552,0.86
2002-09-01,0.45,0.226,0.594,0.827
2002-10-01,0.811,0.348,-0.696,0.596
2002-11-01,0.864,-1.805,1.739,0.953
2002-12-01,1.398,-0.328,-0.235,0.349
2003-01-01,-0.017,0.026,0.45,1.39
2003-02-01,0.895,0.845,-0.619,0.914
2003-03-01,0.183,0.144,2.568,0.813
2003-04-01,0.866,1.105,1.64,0.867
2003-05-01,0.598,0.749,1.562,1.033
2003-06-01,0.889,0.627,3.07,0.753
2003-07-01,0.28,-1.689,2.373,0.798
2003-08-01,0.523,-0.505,3.364,0.941
2003-09-01,0.276,0.731,0.702,0.887
2003-10-01,0.29,-0.102,-2.648,1.218
2003-11-01,0.817,2.116,2.19,0.789
2003-12-01,0.517,0.853,1.035,1.442
2004-01-01,0.246,0.646,1.319,1.001
2004-02-01,0.468,1.887,2.386,1.381
2004-03-01,1.866,0.992,1.014,1.31
2004-04-01,0.923,0.932,2.312,0.888
2004-05-01,-0.096,1.46,0.095,0.466
2004-06-01,-0.304,1.463,0.454,0.563
2004-07-01,0.65,1.206,0.262,0.482
2004-08-01,0.334,0.14,2.486,0.519
2004-09-01,0.7,1.075,1.095,0.671
2004-10-01,-0.296,0.582,1.071,0.88
2004-11-01,0.687,2.064,0.361,1.365
2004-12-01,0.991,1.53,0.089,0.524
2005-01-01,0.453,0.572,2.984,1.174
2005-02-01,0.599,0.087,-0.236,0.826
2005-03-01,0.747,-0.047,1.142,1.315
2005-04-01,-0.187,0.771,2.21,1.414
2005-05-01,0.039,-0.294,0.685,1.07
2005-06-01,1.353,1.619,1.253,1.095
2005-07-01,0.247,0.086,1.4,0.983
2005-08-01,0.683,0.919,-0.347,0.878
2005-09-01,0.491,1.378,1.888,1.134
2005-10-01,0.22,1.547,3.098,1.298
2005-11-01,0.115,0.537,0.773,1.527
2005-12-01,0.145,-2.171,0.508,1.086
2006-01-01,0.738,0.285,-0.778,0.722
2006-02-01,2.533,1.14,0.123,1.368
2006-03-01,0.045,0.515,-1.321,1.192
2006-04-01,0.189,-0.708,0.735,0.776
2006-05-01,0.128,0.63,1.75,0.722
2006-06-01,-0.023,0.48,1.272,1.118
2006-07-01,0.516,0.029,5.282,0.984
2006-08-01,0.25,1.301,0.002,0.963
2006-09-01,0.512,0.265,3.885,0.91
2006-10-01,0.86,1.392,3.448,1.205
2006-11-01,1.041,1.376,3.073,0.965
2006-12-01,1.072,0.957,3.427,1.463
2007-01-01,0.824,1.956,4.948,2.087
2007-02-01,0.51,2.551,3.685,1.215
2007-03-01,-0.018,1.204,2.947,1.261
2007-04-01,0.88,-0.35,4.541,1.497
2007-05-01,0.201,0.458,1.932,1.094
2007-06-01,0.143,1.175,2.271,0.782
2007-07-01,0.492,-0.704,0.515,0.826
2007-08-01,0.542,1.173,0.45,0.929
2007-09-01,0.496,1.982,-0.258,1.007
2007-10-01,0.184,1.254,-0.313,1.153
2007-11-01,0.836,0.228,0.584,1.063
2007-12-01,0.623,0.946,0.838,0.982
2008-01-01,0.276,0.742,4.214,0.321
2008-02-01,-0.817,-0.414,3.143,0.654
2008-03-01,0.726,1.782,0.964,1.818
2008-04-01,-0.058,0.818,0.615,0.834
2008-05-01,-0.095,0.361,3.05,0.82
2008-06-01,-1.068,0.132,1.343,0.804
2008-07-01,0.27,1.138,1.492,0.891
2008-08-01,0.106,-0.03,1.072,0.811
2008-09-01,0.411,0.851,-0.556,0.701
2008-10-01,0.723,1.368,-0.095,1.289
2008-11-01,0.905,0.201,0.971,1.333
2008-12-01,1.754,1.116,-0.512,0.809
2009-01-01,1.584,1.317,-1.19,1.086
2009-02-01,1.657,2.357,0.866,1.115
2009-03-01,1.062,1.32,1.152,0.988
2009-04-01,0.85,0.592,4.288,1.106
2009-05-01,0.388,0.976,1.641,0.801
2009-06-01,1.188,0.694,0.189,0.828
2009-07-01,0.705,-0.147,1.559,0.741
2009-08-01,1.119,-0.27,2.082,0.959
2009-09-01,1.057,0.182,1.232,1.204
2009-10-01,0.381,0.715,-0.193,0.9
2009-11-01,0.674,0.649,3.468,1.06
2009-12-01,1.059,0.326,-0.811,0.61
2010-01-01,0.209,1.117,-2.831,1.092
2010-02-01,0.982,1.578,-0.859,1.287
2010-03-01,2.192,0.837,1.146,1.574
2010-04-01,1.99,-0.904,1.497,1.534
2010-05-01,1.052,-0.129,-1.49,1.271
2010-06-01,0.81,1.295,1.097,1.227
2010-07-01,0.558,1.223,3.488,1.235
2010-08-01,0.642,2.134,0.395,1.108
2010-09-01,0.301,1.76,-0.543,0.94
2010-10-01,0.916,1.338,-0.013,1.198
2010-11-01,1.49,0.335,0.021,1.664
2010-12-01,0.009,0.944,-4.797,0.635
2011-01-01,-0.435,-1.158,1.462,0.7
2011-02-01,0.354,1.639,1.839,0.56
2011-03-01,0.57,-0.566,1.439,1.007
2011-04-01,-0.491,-0.323,4.712,1.243
2011-05-01,0.253,-0.045,2.041,0.856
2011-06-01,-0.427,1.159,1.167,1.046
2011-07-01,0.442,0.933,-0.461,1.06
2011-08-01,0.349,0.621,0.849,1.033
2011-09-01,0.287,1.076,1.802,1.023
2011-10-01,0.707,0.8,1.169,1.186
2011-11-01,1.209,1.904,1.52,0.741
2011-12-01,0.729,-0.504,2.851,1.054
2012-01-01,-0.252,-0.167,2.731,0.654
2012-02-01,0.023,-0.527,-1.695,0.491
2012-03-01,0.269,0.388,3.378,0.892
2012-04-01,0.203,0.344,0.544,1.552
2012-05-01,0.65,0.451,2.16,1.397
2012-06-01,1.105,0.136,-0.182,1.313
2012-07-01,0.666,0.578,0.616,1.083
2012-08-01,0.317,1.14,2.102,1.043
2012-09-01,0.324,1.949,0.06,1.14
2012-10-01,0.105,0.868,0.172,1.144
2012-11-01,0.226,-0.199,0.955,1.204
2012-12-01,0.827,-1.095,1.265,0.298
2013-01-01,0.009,-0.258,0.164,1.131
2013-02-01,0.496,0.41,-0.726,1.305
2013-03-01,0.56,1.81,-2.802,1.109
2013-04-01,0.085,-0.241,0.372,0.901
2013-05-01,0.775,0.169,-0.358,1.185
2013-06-01,-0.61,1.1,0.131,1.18
2013-07-01,-0.014,1.205,2.422,0.882
2013-08-01,0.166,1.3,1.629,0.856
2013-09-01,0.778,0.957,0.316,0.883
2013-10-01,0.391,1.743,1.913,1.032
2013-11-01,0.222,0.073,0.732,1.492
2013-12-01,0.375,0.088,2.751,1.057
2014-01-01,0.19,0.569,3.363,1.174
2014-02-01,-0.459,0.533,4.254,0.555
2014-03-01,-0.361,0.939,3.693,1.429
2014-04-01,0.261,0.172,3.935,1.459
2014-05-01,-0.224,0.841,1.144,1.227
2014-06-01,1.424,0.968,0.991,1.06
2014-07-01,0.935,0.752,3.173,0.863
2014-08-01,0.833,-0.159,-0.108,1.069
2014-09-01,0.385,-0.067,1.921,0.903
2014-10-01,0.696,0.592,3.158,1.065
2014-11-01,0.976,1.153,2.426,0.761
2014-12-01,0.035,-1.018,1.52,1.342
2015-01-01,-0.073,1.329,2.149,1.529
2015-02-01,0.97,1.258,1.103,1.657
2015-03-01,-0.186,1.865,1.491,1.719
2015-04-01,-0.505,1.446,0.993,1.225
2015-05-01,0.64,1.821,0.226,1.389
2015-06-01,0.04,0.51,0.27,1.362
2015-07-01,0.844,0.463,2.004,1.123
2015-08-01,0.903,0.118,2.377,1.262
2015-09-01,1.255,-0.162,-0.399,1.324
2015-10-01,1.368,0.169,-0.164,1.546
2015-11-01,1.617,1.949,3.783,1.544
2015-12-01,1.231,1.912,6.179,2.058
2016-01-01,1.1,1.243,2.195,1.813
2016-02-01,1.777,1.316,2.516,2.624
2016-03-01,1.607,1.801,0.657,2.568
2016-04-01,1.67,1.678,0.698,2.046
2016-05-01,0.581,2.048,2.223,1.382
2016-06-01,0.663,0.892,1.773,1.335
2016-07-01,0.275,0.663,1.859,1.294
2016-08-01,0.72,1.299,1.488,1.45
2016-09-01,0.555,1.47,3.853,1.408
2016-10-01,0.816,1.43,-0.27,0.998
2016-11-01,0.73,-0.095,-0.073,1.11
2016-12-01,1.342,1.255,1.842,1.246
2017-01-01,0.786,1.014,-0.365,1.758
2017-02-01,1.286,1.081,2.811,1.944
2017-03-01,0.592,0.495,3.968,2.014
2017-04-01,1.198,1.022,0.45,1.468
2017-05-01,0.842,1.493,2.693,1.29
2017-06-01,0.173,-0.06,2.765,1.235
2017-07-01,0.363,1.823,1.61,1.259
2017-08-01,0.838,0.473,1.023,1.301
2017-09-01,1.023,0.113,0.026,1.322
2017-10-01,1.26,0.61,2.61,1.206
2017-11-01,0.694,-0.071,1.231,1.235
2017-12-01,0.987,-0.966,1.702,1.629
2018-01-01,0.527,0.402,3.647,1.349
2018-02-01,1.29,-0.357,-1.461,1.315
2018-03-01,1.395,2.497,-0.417,1.652
2018-04-01,0.654,1.846,4.216,1.367
2018-05-01,0.61,1.222,4.182,1.286
2018-06-01,0.429,0.95,2.307,1.107
2018-07-01,0.428,1.616,3.962,1.311
2018-08-01,0.46,0.802,2.747,1.066
2018-09-01,0.519,0.468,1.372,1.176
2018-10-01,0.803,0.926,2.042,1.383
2018-11-01,1.122,1.325,1.307,0.973
2018-12-01,0.308,0.994,2.937,1.24
2019-01-01,0.122,1.324,1.328,1.697
2019-02-01,0.392,2.052,4.436,1.341
2019-03-01,0.141,1.998,3.155,2.138
2019-04-01,1.034,0.396,2.569,1.707
2019-05-01,0.843,1.616,-0.415,1.281
2019-06-01,1.577,0.692,3.517,1.515
2019-07-01,0.954,0.148,2.392,1.207
2019-08-01,0.751,0.903,2.685,1.201
2019-09-01,0.445,1.852,0.767,1.415
2019-10-01,0.267,2.028,1.634,1.545
2019-11-01,1.389,0.718,0.7,1.392
2019-12-01,0.181,1.343,2.835,1.88
